Зона|Провинция|Культура|Уровень технологий|Предшественник|Процессы|Операции|Номер Операции|Технологические параметры|Сроки|Техника
Южно-таежно-лесная зона|Среднерусская провинция|Озимая пшеница|Экстенсивный|{Зерновые и зернобобовые сплошного сева}|Обработка почвы|Лущение|1|На 6-8 см в 1 -2 следа|Вслед за уборкой предшественника|Лущильники лемешные или дисковые
Южно-таежно-лесная зона|Среднерусская провинция|Озимая пшеница|Экстенсивный|{Зерновые и зернобобовые сплошного сева}|Обработка почвы|Вспашка|2|На 20-22 см с полной заделкой растительных остатков|Через 8-10 дней после лущения|Отвальные плуги
Южно-таежно-лесная зона|Среднерусская провинция|Озимая пшеница|Экстенсивный|{Зерновые и зернобобовые сплошного сева}|Обработка почвы|Культивация с боронованием|3|На глубину 6-8 см|При появлении сорняков|Культиваторы паровые
Южно-таежно-лесная зона|Среднерусская провинция|Озимая пшеница|Экстенсивный|{Зерновые и зернобобовые сплошного сева}|Обработка почвы|Предпосевная обработка|4|На глубину посева|Перед посевом|комбинированные агрегаты для выравнивания и прикатывания
Южно-таежно-лесная зона|Среднерусская провинция|Озимая пшеница|Экстенсивный|{Многолетние травы 1-2-х лет пользования}|Обработка почвы|Дискование|5|На 8-10 см в 2 следа (до черна)|После первого укоса многолетних трав|Бороны тяжелые дисковые
Южно-таежно-лесная зона|Среднерусская провинция|Озимая пшеница|Экстенсивный|{Многолетние травы 1-2-х лет пользования}|Обработка почвы|Вспашка|6|На глубину 20-22 см (с полной заделкой растительных остатков)|Через 8-10 дней после дискования |Отвальные плуги
Южно-таежно-лесная зона|Среднерусская провинция|Озимая пшеница|Экстенсивный|{Многолетние травы 1-2-х лет пользования}|Обработка почвы|Культивация с боронованием|7|На глубину 6-8 см|При появлении сорняков|Культиваторы паровые
Южно-таежно-лесная зона|Среднерусская провинция|Озимая пшеница|Экстенсивный|{Многолетние травы 1-2-х лет пользования}|Обработка почвы|Предпосевная обработка|8|На глубину посева|Перед посевом|комбинированные агрегаты для выравнивания и прикатывания
Южно-таежно-лесная зона|Среднерусская провинция|Озимая пшеница|Экстенсивный|{Занятый пар викоовсяный, Занятый пар горохоовсяный, ранние пропашные}|Обработка почвы|Поверхностная обработка дискованием|9|В 1-2 следа на 8-10 см|Вслед за уборкой предшественника|Бороны дисковые тяжелые
Южно-таежно-лесная зона|Среднерусская провинция|Озимая пшеница|Экстенсивный|{Занятый пар викоовсяный, Занятый пар горохоовсяный, ранние пропашные}|Обработка почвы|Культивация с боронованием|10|На глубину 6-8 см|При появлении сорняков|Культиваторы паровые
Южно-таежно-лесная зона|Среднерусская провинция|Озимая пшеница|Экстенсивный|{Занятый пар викоовсяный, Занятый пар горохоовсяный, ранние пропашные}|Обработка почвы|Предпосевная обработка|11|На глубину посева|Перед посевом|комбинированные агрегаты для выравнивания и прикатывания
Южно-таежно-лесная зона|Среднерусская провинция|Озимая пшеница|Экстенсивный||Посев|Загрузка семян в транспортные средства|12||Перед посевом|Зернопогрузчики
Южно-таежно-лесная зона|Среднерусская провинция|Озимая пшеница|Экстенсивный||Посев|Транспортировка|13|||
Южно-таежно-лесная зона|Среднерусская провинция|Озимая пшеница|Экстенсивный||Посев|Посев|14|Обычный посев, рядовой, узкорядный. Глубина посева семян (зависит от влажности почвы и механического состава) - на влажной суглинистой 3-4 см, на сухой песчаной - 5-6 см. Норма высева: 4-5 млн всх. зерен на га (в зависимости от способа посева, плодородия почвы)|При среднесуточной температуре не выше 16-18оС в течение 3 суток. Среднестатистические календарные сроки 25 августа – 15 сентября|Сеялки зерновые и зернотуковые, рядовые и узкорядные
Южно-таежно-лесная зона|Среднерусская провинция|Озимая пшеница|Экстенсивный||Уход за посевами|Боронование посевов|15|При появлении всходов однолетних и зимующих сорняков.|В фазу 3–4 листьев (осенью) и весной при подсыхании почвы|Бороны зубовые средние
Южно-таежно-лесная зона|Среднерусская провинция|Озимая пшеница|Экстенсивный||Уборка |Прямое комбайнирование|16|При влажности зерна 18%||Комбайны
Южно-таежно-лесная зона|Среднерусская провинция|Озимая пшеница|Экстенсивный||Уборка |Раздельная уборка: скашивание в валки|17|При засорённом хлебостое, влажности зерна 22-24%||Жатки валковые
Южно-таежно-лесная зона|Среднерусская провинция|Озимая пшеница|Экстенсивный||Уборка |Подбор валков|18|Влажность зерна не более 14-15%.|Через 3-5 дней после скашивания|Комбайны с подборщиками
Южно-таежно-лесная зона|Среднерусская провинция|Озимая пшеница|Экстенсивный||Послеуборочная обработка зерна|Взвешивание|19|||Весы автомобильные
Южно-таежно-лесная зона|Среднерусская провинция|Озимая пшеница|Экстенсивный||Послеуборочная обработка зерна|Предварительная очистка|20|Очистка от первичных примесей||Машины предварительной очистки
Южно-таежно-лесная зона|Среднерусская провинция|Озимая пшеница|Экстенсивный||Послеуборочная обработка зерна|Сушка зерна|21|||Сушилки стационарные
Южно-таежно-лесная зона|Среднерусская провинция|Озимая пшеница|Экстенсивный||Послеуборочная обработка зерна|Первичная очистка|22|Доведение зерна до кондиционных параметров по содержанию посторонних включений||Машины первичной очистки
Южно-таежно-лесная зона|Среднерусская провинция|Озимая пшеница|Экстенсивный||Послеуборочная обработка зерна|Проверка качества зерна|23| 4 класс - клейковина 18-23%, ИДК-95 ед. 5 класс - клейковина менее 18%, ИДК более 105 ед.|При закладке на хранение|Лабораторное оборудование
Южно-таежно-лесная зона|Среднерусская провинция|Озимая пшеница|Экстенсивный||Послеуборочная обработка зерна|Загрузка и транспортировка зерна на хранение или элеватор|24||После очистки|Зернопогрузчики, автомобили
Южно-таежно-лесная зона|Среднерусская провинция|Озимая пшеница|Нормальный|{Занятый пар викоовсяный, Занятый пар горохоовсяный, ранние пропашные, зернобобовые}|Обработка почвы|Поверхностная обработка дискованием|25|В 1 -2 следа на 8-10 см|Вслед за уборкой предшественника|Бороны дисковые тяжелые
Южно-таежно-лесная зона|Среднерусская провинция|Озимая пшеница|Нормальный|{Занятый пар викоовсяный, Занятый пар горохоовсяный, ранние пропашные, зернобобовые}|Обработка почвы|Культивация с боронованием|26|На глубину 6 - 8 см|При появлении сорняков|Культиваторы паровые
Южно-таежно-лесная зона|Среднерусская провинция|Озимая пшеница|Нормальный|{Занятый пар викоовсяный, Занятый пар горохоовсяный, ранние пропашные, зернобобовые}|Обработка почвы|Предпосевная обработка|27|На глубину посева|Перед посевом|комбинированные агрегаты для выравнивания и прикатывания
Южно-таежно-лесная зона|Среднерусская провинция|Озимая пшеница|Нормальный|{Многолетние травы 1 -2-х лет пользования}|Обработка почвы|Поверхностная обработка дискованием|28|На 8-10 см в 2 следа (до черна)|После первого укоса многолетних трав|Бороны дисковые тяжелые
Южно-таежно-лесная зона|Среднерусская провинция|Озимая пшеница|Нормальный|{Многолетние травы 1 -2-х лет пользования}|Обработка почвы|Вспашка|29|На глубину 20-22 см (с полной заделкой растительных остатков)|Через 8-10 дней после дискования |Отвальные плуги
Южно-таежно-лесная зона|Среднерусская провинция|Озимая пшеница|Нормальный|{Многолетние травы 1 -2-х лет пользования}|Обработка почвы|Культивация с боронованием|30|На глубину 6-8 см|При появлении сорняков|Культиваторы паровые
Южно-таежно-лесная зона|Среднерусская провинция|Озимая пшеница|Нормальный|{Многолетние травы 1 -2-х лет пользования}|Обработка почвы|Предпосевная обработка|31|На глубину посева|Перед посевом|Комбинированные агрегаты для выравнивания и прикатывания
Южно-таежно-лесная зона|Среднерусская провинция|Озимая пшеница|Нормальный||Основное внесение удобрений|Внесение органических удобрений|32|в дозе 5-10 т/га севооборотной площади|После уборки предшественника под вспашку|Машины для внесения органических удобрений
Южно-таежно-лесная зона|Среднерусская провинция|Озимая пшеница|Нормальный||Основное внесение удобрений|Внесение мине­ральных удобрений|33|N30P60K60|Фосфорные и калийные под основную обработку; Азотные под предпосевную обработку или совместно с посевом|Агрегаты для растаривания и измельчения минеральных удобрений; Погрузчики; Разбрасыватели туков;Сеялки с устройствами для внесения удобрений 
Южно-таежно-лесная зона|Среднерусская провинция|Озимая пшеница|Нормальный||Подготовка семян к посеву|Простое протравливание|34|Фунгицидные протравители: Винцит Форте 1,5 л/т|Свежеубранные семена не позднее 2-3 дней до посева|Оборудование для  протравливания семян
Южно-таежно-лесная зона|Среднерусская провинция|Озимая пшеница|Нормальный||Посев|Загрузка семян в транспортные средства|35||Перед посевом|Зернопогрузчики
Южно-таежно-лесная зона|Среднерусская провинция|Озимая пшеница|Нормальный||Посев|Транспортировка|36|||
Южно-таежно-лесная зона|Среднерусская провинция|Озимая пшеница|Нормальный||Посев|Посев|37|Обычный посев, рядовой, узкорядный; Глубина посева семян (зависит от влажности почвы и механического состава) - на влажной суглинистой 3-4 см, на сухой песчаной - 5-6см;  Норма высева: 4-5 млн. всх. зерен на га (в зависимости от способа посева, плодородия почвы)|При среднесуточной температуре не выше 16-18 оС в течение 3 суток. Среднестатистические календарные сроки 25 августа – 15 сентября|Сеялки зерновые и зернотуковые рядовые и узкорядные
Южно-таежно-лесная зона|Среднерусская провинция|Озимая пшеница|Нормальный||Уход за посевами|Боронование посевов|38|При появлении всходов однолетних и зимующих сорняков.|В фазу 3-4 листьев (осенью) и весной при подсыхании почвы|Бороны зубовые средние
Южно-таежно-лесная зона|Среднерусская провинция|Озимая пшеница|Нормальный||Уход за посевами|Обработка посевов пестицидами от сорняков, вредителей и болезней|39|Опрыскивание посевов баковой смесью гербицида, инсектицида и фунгицида (Линтур 180 г/га + Данадим, КЭ 1 л/га + Импакт, КС 0,5 л/га).|Осенью или весной в фазу кущения растений|Штанговые опрыскиватели
Южно-таежно-лесная зона|Среднерусская провинция|Озимая пшеница|Нормальный||Уход за посевами|Подкормки азотными удобрениями|40|N60|В фазу весеннего отрастания|Агрегаты для растаривания и измельчения минеральных удобрений; Погрузчики; Разбрасыватели туков 
Южно-таежно-лесная зона|Среднерусская провинция|Озимая пшеница|Нормальный||Уборка урожая|Обкашивание полей|41|Восковая спелость|За 10 дней до начала основной уборки|Комбайны
Южно-таежно-лесная зона|Среднерусская провинция|Озимая пшеница|Нормальный||Уборка урожая|Прямое комбайнирование|42|При влажности зерна 18%||Комбайны
Южно-таежно-лесная зона|Среднерусская провинция|Озимая пшеница|Нормальный||Уборка урожая|Раздельная уборка: скашивание в валки|43|При засорённом хлебостое, влажности зерна 22-24%||Жатки валковые
Южно-таежно-лесная зона|Среднерусская провинция|Озимая пшеница|Нормальный||Уборка урожая|Подбор валков|44|Влажность зерна не более 14-15%.|Через 3-5 дней после скашивания|Комбайны с подборщиками
Южно-таежно-лесная зона|Среднерусская провинция|Озимая пшеница|Нормальный||Послеуборочная обработка зерна|Взвешивание|45|||Весы автомобильные
Южно-таежно-лесная зона|Среднерусская провинция|Озимая пшеница|Нормальный||Послеуборочная обработка зерна|Предварительная очистка|46|Очистка от первичных примесей||Машины предварительной очистки
Южно-таежно-лесная зона|Среднерусская провинция|Озимая пшеница|Нормальный||Послеуборочная обработка зерна|Сушка зерна|47|||Сушилки стационарные, передвижные
Южно-таежно-лесная зона|Среднерусская провинция|Озимая пшеница|Нормальный||Послеуборочная обработка зерна|Первичная очистка|48|Доведение зерна до кондиционных параметров по содержанию посторонних включений||Машины первичной очистки
Южно-таежно-лесная зона|Среднерусская провинция|Озимая пшеница|Нормальный||Послеуборочная обработка зерна|Подготовка семян|49|Доведение семян до кондиционных параметров согласно требованиям ГОСТ Р 52325-2005г на семена||Приставки семяочистительные
Южно-таежно-лесная зона|Среднерусская провинция|Озимая пшеница|Нормальный||Послеуборочная обработка зерна|Проверка качества зерна|50|3 класс -клейковина 23-28%, ИДК-95 ед. ; 4 класс - клейковина 18-23%, ИДК-95 ед. ; 5 класс - клейковина менее 18%, ИДК более 105 ед.|При закладке на хранение|Лабораторное оборудование
Южно-таежно-лесная зона|Среднерусская провинция|Озимая пшеница|Нормальный||Послеуборочная обработка зерна|Загрузка и транспортировка зерна на хранение или элеватор|51||После очистки|Зернопогрузчики, автомобили
Южно-таежно-лесная зона|Среднерусская провинция|Озимая пшеница|Интенсивный|{Занятый пар вико-овсяный, Занятый пар горохо-овсяный, Занятый пар сидеральный, ранние пропашные}|Обработка почвы|Поверхностная обработка дискованием|52|В 1 -2 следа на 8-10 см|Вслед за уборкой предшественника|Бороны дисковые тяжелые
Южно-таежно-лесная зона|Среднерусская провинция|Озимая пшеница|Интенсивный|{Занятый пар вико-овсяный, Занятый пар горохо-овсяный, Занятый пар сидеральный, ранние пропашные}|Обработка почвы|Культивация с боронованием|53|На глубину 6-8 см|При появлении сорняков|Культиваторы паровые
Южно-таежно-лесная зона|Среднерусская провинция|Озимая пшеница|Интенсивный|{Занятый пар вико-овсяный, Занятый пар горохо-овсяный, Занятый пар сидеральный, ранние пропашные}|Обработка почвы|Предпосевная обработка|54|На глубину посева|Перед посевом|комбинированные агрегаты для выравнивания и прикатывания
Южно-таежно-лесная зона|Среднерусская провинция|Озимая пшеница|Интенсивный|{Многолетние бобовые и бобово-злаковые травы 1 -3-х лет пользования}|Обработка почвы|Поверхностная обработка дискованием|55|На 8-10 см в 2 следа (до черна)|После первого укоса многолетних трав|Бороны дисковые тяжелые
Южно-таежно-лесная зона|Среднерусская провинция|Озимая пшеница|Интенсивный|{Многолетние бобовые и бобово-злаковые травы 1 -3-х лет пользования}|Обработка почвы|Вспашка|56|На глубину 20-22 см (с полной заделкой растительных остатков)|Через 8-10 дней после дискования |Отвальные плуги
Южно-таежно-лесная зона|Среднерусская провинция|Озимая пшеница|Интенсивный|{Многолетние бобовые и бобово-злаковые травы 1 -3-х лет пользования}|Обработка почвы|Культивация с боронованием|57|На глубину 6-8 см|При появлении сорняков|Культиваторы паровые
Южно-таежно-лесная зона|Среднерусская провинция|Озимая пшеница|Интенсивный|{Многолетние бобовые и бобово-злаковые травы 1 -3-х лет пользования}|Обработка почвы|Предпосевная обработка|58|На глубину посева|Перед посевом|Комбинированные агрегаты для выравнивания и прикатывания
Южно-таежно-лесная зона|Среднерусская провинция|Озимая пшеница|Интенсивный||Основное внесение удобрений|Известкование|59|2-5 тонн извести на га, в зависимости от кислотности почвы (доза в т/га рассчитывается по гидролитической кислотности), с обязательной заделкой в системе основной обработки почвы, включающей лущение или дискование с последующей вспашкой на 20-25 см.|Осенью при основной обработке почвы под парозанимающую культуру или после первого укоса многолетних трав|Спецмашины по разбрасыванию извести
Южно-таежно-лесная зона|Среднерусская провинция|Озимая пшеница|Интенсивный||Основное внесение удобрений|Внесение органических удобрений|60|Перепревший навоз, торфо-навозный компост, сидерат и др. виды органических удобрений из расчета 5-10 т/га севооборотной площади, с обязательной заделкой в системе основной обработки почвы, включающей лущение или дискование с последующей вспашкой на 20-25 см.|Осенью при основной обработке почвы под паро-занимающую культуру или после первого укоса многолетних трав|Машины для внесения органических удобрений
Южно-таежно-лесная зона|Среднерусская провинция|Озимая пшеница|Интенсивный||Основное внесение удобрений|Основное внесение минеральных удобрений|61|N15P75K75 - разбросным способом под основную обработку почвы или под культивацию; N15P15K15 - в рядки при посеве |N15P75K75 - разбросным способом под основную обработку почвы или под культивацию; N15P15K15 - в рядки при посеве|Агрегаты для растаривания и измельчения минеральных удобрений; Погрзучики; Разбрасыватели туков; Сеялки с устройствами для внесения удобрений 
Южно-таежно-лесная зона|Среднерусская провинция|Озимая пшеница|Интенсивный||Подготовка семян к посеву|Воздушно-тепловой обогрев|62|3-5 дн. на солнце или в сушилке при t45°C 2-3 часа |Перед посевом.|Оборудование для теплового обогрева
Южно-таежно-лесная зона|Среднерусская провинция|Озимая пшеница|Интенсивный||Подготовка семян к посеву|Протравливание семян|63|Фунгицидные и инсектицидные протравители: Винцит Форте 1,25 л/т + Пикус 1,0 л/т. Расход раб.жидкости – 10 л/т.|Перед посевом. Свежеубранные семена не позднее 2-3 дней; из переходящего фонда - за 2-3 недели до посева|Протравители семян
Южно-таежно-лесная зона|Среднерусская провинция|Озимая пшеница|Интенсивный||Посев|Загрузка семян в транспортные средства|64||Перед посевом|Зернопогрузчики
Южно-таежно-лесная зона|Среднерусская провинция|Озимая пшеница|Интенсивный||Посев|Транспортировка|65|||
Южно-таежно-лесная зона|Среднерусская провинция|Озимая пшеница|Интенсивный||Посев|Посев|66|Посев с одновременным внесением стартовой дозы удобрений и с оставлением технологической колеи. Оставлять незасеянные рядки семян шириной колеи до 60 см и кратной за­хвату агрегата по уходу за посевами. Обычный посев, рядовой, узкорядный; Глубина посева семян (зависит от влажности почвы и механического состава) - на влажной суглинистой 3-4 см, на сухой песчаной - 5-6см. Норма высева: 4-5 млн. всх. зерен на га (в зависимости от способа посева, плодородия почвы)| При среднесуточной температуре не выше 16-18 оС в течение 3 суток. Среднестатистические календарные сроки 25 августа – 15 сентября|Зернотуковые сеялки или комбинированные посевные агрегаты с предпосевной обработкой почвы
Южно-таежно-лесная зона|Среднерусская провинция|Озимая пшеница|Интенсивный||Уход за посевами|Боронование посевов|67|При появлении всходов однолетних и зимующих сорняков.|В фазу 3-4 листьев (осенью) и весной при подсыхании почвы|Бороны зубовые средние
Южно-таежно-лесная зона|Среднерусская провинция|Озимая пшеница|Интенсивный||Уход за посевами|Обработка посевов пестицидами от сорняков, вредителей и болезней|68|Опрыскивание посевов баковой смесью пестицидов. 1. С осени – применение средств защиты растений (гербициды, инсектициды и фунгициды) – Тандем, ВДГ 0,25 кг/га + Данадим Эксперт, КЭ 1 л/га + Импакт, КС 0,5 кг/га; |Осенью в фазу кущения растений;|Штанговые опрыскиватели
Южно-таежно-лесная зона|Среднерусская провинция|Озимая пшеница|Интенсивный||Уход за посевами|Обработка посевов пестицидами от сорняков, вредителей и болезней|69|Опрыскивание посевов баковой смесью пестицидов. 2. Весной (фаза GS 21 - 22)– инсектицид Данадим Пауер, КЭ 1 л/га + фунгицид Импакт Супер 0,75 л/га |Весной в фазу кущения – начала трубкования;|Штанговые опрыскиватели
Южно-таежно-лесная зона|Среднерусская провинция|Озимая пшеница|Интенсивный||Уход за посевами|Обработка посевов пестицидами от сорняков, вредителей и болезней|70|Опрыскивание посевов баковой смесью пестицидов. 3. Фаза начала трубкования (фаза GS 31-32) - ретардант Сапресс, КЭ 0,3 л/га + гербицид Фокстрот, ВЭ 1,0 л/га (при наличии мятликовых сорняков) + фунгициды Импакт Супер 0,75 л/га + Данадим Пауер 0,6 л/га (при прогнозе массового развития болезней и вредителей);|Весной в фазу кущения – начала трубкования;|Штанговые опрыскиватели
Южно-таежно-лесная зона|Среднерусская провинция|Озимая пшеница|Интенсивный||Уход за посевами|Обработка посевов пестицидами от сорняков, вредителей и болезней|71|Опрыскивание посевов баковой смесью пестицидов. 4. Защита колоса при прогнозе массового развития болезней и вредителей – фунгицид Консул, КС 1,0 л/га + инсектицид Вантекс, МКС 60 мл/га.|В фазу начала колошения при прогнозе массового развития болезней и вредителей.|Штанговые опрыскиватели
Южно-таежно-лесная зона|Среднерусская провинция|Озимая пшеница|Интенсивный||Уход за посевами|Подкормки азотными удобрениями|72|N60 + N30 |В фазу весеннего кущения и в фазу выхода в трубку|Агрегаты для растаривания и измельчения минеральных удобрений; Погрузчики; Разбрасыватели туков
Южно-таежно-лесная зона|Среднерусская провинция|Озимая пшеница|Интенсивный||Уборка урожая|Обкашивание полей|73|Восковая спелость|За 10 дней до начала основной уборки|Комбайны
Южно-таежно-лесная зона|Среднерусская провинция|Озимая пшеница|Интенсивный||Уборка урожая|Прямое комбайнирование|74|При влажности зерна 16-18%||Комбайны
Южно-таежно-лесная зона|Среднерусская провинция|Озимая пшеница|Интенсивный||Уборка урожая|Раздельная уборка:|75|При засорённом хлебостое, влажности зерна 22-24%||Жатки валковые
Южно-таежно-лесная зона|Среднерусская провинция|Озимая пшеница|Интенсивный||Уборка урожая|скашивание в валки|76|||
Южно-таежно-лесная зона|Среднерусская провинция|Озимая пшеница|Интенсивный||Уборка урожая|Подбор валков|77|Влажность зерна не более 14-15%.|Через 3-5 дней после скашивания|Комбайны с подборщиками
Южно-таежно-лесная зона|Среднерусская провинция|Озимая пшеница|Интенсивный||Послеуборочная обработка зерна|Взвешивание|78|||Весы автомобильные
Южно-таежно-лесная зона|Среднерусская провинция|Озимая пшеница|Интенсивный||Послеуборочная обработка зерна|Предварительная очистка|79|Очистка от первичных примесей||Машины предварительной очистки
Южно-таежно-лесная зона|Среднерусская провинция|Озимая пшеница|Интенсивный||Послеуборочная обработка зерна|Сушка зерна|80|||Сушилки стационарные, передвижные
Южно-таежно-лесная зона|Среднерусская провинция|Озимая пшеница|Интенсивный||Послеуборочная обработка зерна|Первичная очистка|81|Доведение зерна до кондиционных параметров по содержанию посторонних включений||Машины первичной очистки
Южно-таежно-лесная зона|Среднерусская провинция|Озимая пшеница|Интенсивный||Послеуборочная обработка зерна|Подготовка семян|82|Доведение семян до кондиционных параметров согласно требованиям ГОСТ Р 52325-2005г на семена||Приставки семяочистительные
Южно-таежно-лесная зона|Среднерусская провинция|Озимая пшеница|Интенсивный||Послеуборочная обработка зерна|Проверка качества зерна|83|1класс - клейковина более 32%, ИДК менее 80 ед.; 2 класс - клейковина 28-32%, ИДК 80%;  3 класс - клейковина 23-28%, ИДК-95 ед. |При закладке на хранение|Лабораторное оборудование
Южно-таежно-лесная зона|Среднерусская провинция|Озимая пшеница|Интенсивный||Послеуборочная обработка зерна|Загрузка и транспортировка зерна на хранение или элеватор|84||После очистки|Зернопогрузчики, автомобили
Южно-таежно-лесная зона|Среднерусская провинция|Озимая пшеница|Точный|{Занятый пар вико-овсяный, Занятый пар горохо-овсяный, Занятый пар сидеральный, ранние пропашные}|Обработка почвы|Поверхностная обработка дискованием|85|В 1 -2 следа на 8-10 см|Вслед за уборкой предшественника|Бороны дисковые тяжелые
Южно-таежно-лесная зона|Среднерусская провинция|Озимая пшеница|Точный|{Занятый пар вико-овсяный, Занятый пар горохо-овсяный, Занятый пар сидеральный, ранние пропашные}|Обработка почвы|Культивация с боронованием|86|На глубину 6 - 8 см|При появлении сорняков|Культиваторы паровые
Южно-таежно-лесная зона|Среднерусская провинция|Озимая пшеница|Точный|{Занятый пар вико-овсяный, Занятый пар горохо-овсяный, Занятый пар сидеральный, ранние пропашные}|Обработка почвы|Предпосевная обработка|87|На глубину посева|Перед посевом|комбинированные агрегаты для выравнивания и прикатывания
Южно-таежно-лесная зона|Среднерусская провинция|Озимая пшеница|Точный|{Многолетние бобовые и бобово-злаковые травы 1 -2-х лет пользования}|Обработка почвы|Поверхностная обработка дискованием|88|На 8-10 см в 2 следа (до черна)|После первого укоса многолетних трав|Бороны дисковые тяжелые
Южно-таежно-лесная зона|Среднерусская провинция|Озимая пшеница|Точный|{Многолетние бобовые и бобово-злаковые травы 1 -2-х лет пользования}|Обработка почвы|Вспашка|89|На глубину 20-22 см (с полной заделкой растительных остатков)|Через 8-10 дней после дискования |Отвальные плуги
Южно-таежно-лесная зона|Среднерусская провинция|Озимая пшеница|Точный|{Многолетние бобовые и бобово-злаковые травы 1 -2-х лет пользования}|Обработка почвы|Культивация с боронованием|90|На глубину 6 - 8 см|При появлении сорняков|Культиваторы паровые
Южно-таежно-лесная зона|Среднерусская провинция|Озимая пшеница|Точный|{Многолетние бобовые и бобово-злаковые травы 1 -2-х лет пользования}|Обработка почвы|Предпосевная обработка|91|На глубину посева|Перед посевом|Комбинированные агрегаты для выравнивания и прикатывания
Южно-таежно-лесная зона|Среднерусская провинция|Озимая пшеница|Точный||Основное внесение удобрений|Известкование|92|2-5 тонн извести на га, в зависимости от кислотности почвы (доза в т/га рассчитывается по гидролитической кислотности), с обязательной заделкой в системе основной обработки почвы, включающей лущение или дискование с последующей вспашкой на 20-25 см.|Осенью при основной обработке почвы под паро-занимающую культуру или после первого укоса многолетних трав|Спецмашины по разбрасыванию извести
Южно-таежно-лесная зона|Среднерусская провинция|Озимая пшеница|Точный||Основное внесение удобрений|Внесение органических удобрений|93|Перепревший навоз, торфонавозный компост, сидерат и др. виды органических удобрений из расчета 5-10 т/га севооборотной площади, с обязательной заделкой в системе основной обработки почвы, включающей лущение или дискование с последующей вспашкой на 20-25 см.|Осенью при основной обработке почвы под паро-занимающую культуру или после первого укоса многолетних трав|Машины для внесения органических удобрений
Южно-таежно-лесная зона|Среднерусская провинция|Озимая пшеница|Точный||Основное внесение удобрений|Основное внесение минеральных удобрений|94|Дифференцированное внесение в зависимости от содержания в почве доступных форм основных элементов питания: N15P105K105 - разбросным способом под основную обработку почвы или под культивацию; N15P15K15 - в рядки при посеве|N15P105K105 - разбросным способом под основную обработку почвы или под культивацию;N15P15K15 - в рядки при посеве|Агрегаты для растаривания и измельчения минеральных удобрений; Погрузчики; Разбрасыватели туков; Сеялки с устройствами для внесения удобрений 
Южно-таежно-лесная зона|Среднерусская провинция|Озимая пшеница|Точный||Подготовка семян к посеву|Воздушно-тепловой обогрев|95|3-5 дн. на солнце или в сушилке при t45°C 2-3 часа |Перед посевом|Оборудование для теплового обогрева
Южно-таежно-лесная зона|Среднерусская провинция|Озимая пшеница|Точный||Подготовка семян к посеву|Инкрустирование семян оболочкой с наполнителями (фунгициды и инсектициды)|96| На 1 т семян: вода + прилипатель + протравитель (Винцит Форте 1,25 л/т + Пикус 1,0 л/т). Расход раб.жидкости – 10 л/т.|Перед посевом. Свежеубранные семена не позднее 2-3 дней; из переходящего фонда - за 2-3 недели до посева|Оборудование для инкрустирования и протравливания семян
Южно-таежно-лесная зона|Среднерусская провинция|Озимая пшеница|Точный||Посев|Загрузка семян в транспортные средства|97||Перед посевом|Зернопогрузчики
Южно-таежно-лесная зона|Среднерусская провинция|Озимая пшеница|Точный||Посев|Транспортировка|98|||
Южно-таежно-лесная зона|Среднерусская провинция|Озимая пшеница|Точный||Посев|Посев|99|Посев с одновременным внесением стартовой дозы удобрений и с оставлением технологической колеи. Оставлять незасеянные рядки семян шириной колеи до 60 см и кратной за­хвату агрегата по уходу за посевами. Обычный посев, рядовой, узкорядный. Глубина посева семян (зависит от влажности почвы и механического состава) - на влажной суглинистой 3-4 см, на сухой песчаной - 5-6см. Норма высева: 4-5 млн. всх. зерен на га (в зависимости от способа посева, плодородия почвы)| При среднесуточной температуре не выше 16-18 оС в течение 3 суток. Среднестатистические календарные сроки 25 августа – 15 сентября|Зернотуковые сеялки или комбинированные посевные агрегаты с предпосевной обработкой почвы
Южно-таежно-лесная зона|Среднерусская провинция|Озимая пшеница|Точный||Уход за посевами|Боронование посевов|100|При появлении всходов однолетних и зимующих сорняков.|В фазу 3-4 листьев (осенью) и весной при подсыхании почвы|Бороны зубовые средние
Южно-таежно-лесная зона|Среднерусская провинция|Озимая пшеница|Точный||Уход за посевами|Обработка посевов пестицидами от сорняков, вредителей и болезней|101|Опрыскивание посевов баковой смесью пестицидов. 1. С осени – гербициды Атон, ВДГ 0,06 кг/га + инсектицид Данадим Пауер, КЭ 0,6 л/га + фунгицид Импакт Эксклюзив, КС 0,5 л/га + ретардант Сапресс, КЭ 0,3 л/га;|Осенью в фазу кущения растений;|Штанговые опрыскиватели
Южно-таежно-лесная зона|Среднерусская провинция|Озимая пшеница|Точный||Уход за посевами|Обработка посевов пестицидами от сорняков, вредителей и болезней|102|Опрыскивание посевов баковой смесью пестицидов. 2. Весной (фаза GS 21 - 22) – инсектициды Данадим Пауер, КЭ 0,6 л/га + Вантекс 60 мл/га + фунгицид Альто Супер, КЭ 0,5 л/га + гербициды Фокстрот, ВЭ 1,0 л/га и Агроксон 0,5 л/га.|Весной в фазу кущения – начала трубкования;|Штанговые опрыскиватели
Южно-таежно-лесная зона|Среднерусская провинция|Озимая пшеница|Точный||Уход за посевами|Обработка посевов пестицидами от сорняков, вредителей и болезней|103|Опрыскивание посевов баковой смесью пестицидов. 3. В начале трубкования (фаза GS 31-32) - ретардант Сапресс, КЭ 0,3 л/га + фунгицид Консул 0,8 л/га + инсектицид Данадим Пауер 0,6 л/га (при массовом развитии вредителей и эпифитотийном развитии болезней).|В фазу начала колошения по прогнозу развития болезней и вредителей.|Штанговые опрыскиватели
Южно-таежно-лесная зона|Среднерусская провинция|Озимая пшеница|Точный||Уход за посевами|Обработка посевов пестицидами от сорняков, вредителей и болезней|104|Опрыскивание посевов баковой смесью пестицидов. 4. Для защиты флагового листа и колоса – Консул, КС 1,0 л/га + Вантекс, МКС 60 мл/га.|В фазу начала колошения по прогнозу развития болезней и вредителей.|Штанговые опрыскиватели
Южно-таежно-лесная зона|Среднерусская провинция|Озимая пшеница|Точный||Уход за посевами|Подкормки азотными удобрениями|105|Дифференцированное внесение по результатам листовой диагностики: в среднем  - N60 весной в кущение, |В фазы:  весеннего кущения, |Агрегаты для растаривания и измельчения минеральных удобрений; Погрузчики; Разбрасыватели туков;  Штанговые опрыскиватели для внесения жидких удобрений
Южно-таежно-лесная зона|Среднерусская провинция|Озимая пшеница|Точный||Уход за посевами|Подкормки азотными удобрениями|106|Дифференцированное внесение по результатам листовой диагностики: в среднем  - N30 в фазу выхода в трубку, |В фазы:  выхода в трубку, |Агрегаты для растаривания и измельчения минеральных удобрений; Погрузчики; Разбрасыватели туков;  Штанговые опрыскиватели для внесения жидких удобрений
Южно-таежно-лесная зона|Среднерусская провинция|Озимая пшеница|Точный||Уход за посевами|Подкормки азотными удобрениями|107|Дифференцированное внесение по результатам листовой диагностики: в среднем  - N30 – в колошение - цветение (для повышения качества зерна рекомендуется проводить внекорневую подкормку 15-20 % раствором мочевины).|В фазы:  колошения|Агрегаты для растаривания и измельчения минеральных удобрений; Погрузчики; Разбрасыватели туков;  Штанговые опрыскиватели для внесения жидких удобрений
Южно-таежно-лесная зона|Среднерусская провинция|Озимая пшеница|Точный||Уход за посевами|Внекорневые обработки|108|1. Обработка в фазу кущения – начала трубкования жидкими комплексными удобрениями ЖКУ APALIQVA NP 11:37 30 кг/га + растворами микроудобрений с гуматом калия + биологические стимуляторы роста + микробиологические препараты фунгицидного действия Метабактерин, СП 12 г/га или АпаСил 100 г/га.|в фазу кущения – начала трубкования|Штанговые опрыскиватели для внесения жидких удобрений
Южно-таежно-лесная зона|Среднерусская провинция|Озимая пшеница|Точный||Уборка урожая|Обкашивание полей|109|Восковая спелость|За 10 дней до начала основной уборки|Комбайны с датчиками урожайности и системами позиционирования
Южно-таежно-лесная зона|Среднерусская провинция|Озимая пшеница|Точный||Уборка урожая|Прямое комбайнирование|110|При влажности зерна 16%||Комбайны с датчиками урожайности и системами позиционирования
Южно-таежно-лесная зона|Среднерусская провинция|Озимая пшеница|Точный||Послеуборочная обработка зерна|Взвешивание|111|||Весы автомобильные
Южно-таежно-лесная зона|Среднерусская провинция|Озимая пшеница|Точный||Послеуборочная обработка зерна|Предварительная очистка|112|Очистка от первичных примесей||Машины предварительной очистки
Южно-таежно-лесная зона|Среднерусская провинция|Озимая пшеница|Точный||Послеуборочная обработка зерна|Сушка зерна|113|||Сушилки стационарные
Южно-таежно-лесная зона|Среднерусская провинция|Озимая пшеница|Точный||Послеуборочная обработка зерна|Первичная очистка|114|Доведение зерна до кондиционных параметров || Семяочистительные комплексы 5-го поколения
Южно-таежно-лесная зона|Среднерусская провинция|Озимая пшеница|Точный||Послеуборочная обработка зерна|Подготовка семян|115|Доведение семян до кондиционных параметров согласно требованиям ГОСТ Р 52325-2005г на семена|| Семяочистительные комплексы 5-го поколения
Южно-таежно-лесная зона|Среднерусская провинция|Озимая пшеница|Точный||Послеуборочная обработка зерна|Проверка качества зерна|116| 1класс - клейковина более 32%, ИДК менее 80 ед. ; 2 класс - клейковина 28-32%, ИДК 80% ;  3 класс -клейковина 23-28%, ИДК-95 ед. |При закладке на хранение|Лабораторное оборудование
Южно-таежно-лесная зона|Среднерусская провинция|Озимая пшеница|Точный||Послеуборочная обработка зерна|Загрузка и транспортировка зерна на хранение или элеватор|117||После очистки|Зернопогрузчики, автомобили с датчиками ГИС-навигации
Южно-таежно-лесная зона|Среднерусская провинция|Озимая рожь|Экстенсивный|{Зерновые и зернобобовые сплошного сева}|Обработка почвы|Лущение|118|На 6-8см в 1 -2 следа|Вслед за уборкой предшественника|Лущильники лемешные или дисковые
Южно-таежно-лесная зона|Среднерусская провинция|Озимая рожь|Экстенсивный|{Зерновые и зернобобовые сплошного сева}|Обработка почвы|Вспашка|119|На 20-22см с полной заделкой растительных остатков|Через 8-10 дней после лущения|Отвальные плуги
Южно-таежно-лесная зона|Среднерусская провинция|Озимая рожь|Экстенсивный|{Зерновые и зернобобовые сплошного сева}|Обработка почвы|Культивация с боронованием|120|На глубину 6 - 8 см|При появлении сорняков|Культиваторы паровые
Южно-таежно-лесная зона|Среднерусская провинция|Озимая рожь|Экстенсивный|{Зерновые и зернобобовые сплошного сева}|Обработка почвы|Предпосевная обработка|121|На глубину посева|Перед посевом|комбинированные агрегаты для выравнивания и прикатывания
Южно-таежно-лесная зона|Среднерусская провинция|Озимая рожь|Экстенсивный|{Многолетние травы 1 -2-х лет пользования}|Обработка почвы|Дискование|122|На 8-10 см в 2 следа (до черна)|После первого укоса многолетних трав|Бороны тяжелые дисковые
Южно-таежно-лесная зона|Среднерусская провинция|Озимая рожь|Экстенсивный|{Многолетние травы 1 -2-х лет пользования}|Обработка почвы|Вспашка|123|На глубину 20-22 см (с полной заделкой растительных остатков)|Через 8-10 дней после дискования |Отвальные плуги
Южно-таежно-лесная зона|Среднерусская провинция|Озимая рожь|Экстенсивный|{Многолетние травы 1 -2-х лет пользования}|Обработка почвы|Культивация с боронованием|124|На глубину 6 - 8 см|При появлении сорняков|Культиваторы паровые
Южно-таежно-лесная зона|Среднерусская провинция|Озимая рожь|Экстенсивный|{Многолетние травы 1 -2-х лет пользования}|Обработка почвы|Предпосевная обработка|125|На глубину посева|Перед посевом|комбинированные агрегаты для выравнивания и прикатывания
Южно-таежно-лесная зона|Среднерусская провинция|Озимая рожь|Экстенсивный|{Занятый пар викоовсяный, Занятый пар горохоовсяный, ранние пропашные}|Обработка почвы|Поверхностная обработка дискованием|126|В 1 -2 следа на 8-10 см|Вслед за уборкой предшественника|Бороны дисковые тяжелые
Южно-таежно-лесная зона|Среднерусская провинция|Озимая рожь|Экстенсивный|{Занятый пар викоовсяный, Занятый пар горохоовсяный, ранние пропашные}|Обработка почвы|Культивация с боронованием|127|На глубину 6 - 8 см|При появлении сорняков|Культиваторы паровые
Южно-таежно-лесная зона|Среднерусская провинция|Озимая рожь|Экстенсивный|{Занятый пар викоовсяный, Занятый пар горохоовсяный, ранние пропашные}|Обработка почвы|Предпосевная обработка|128|На глубину посева|Перед посевом|комбинированные агрегаты для выравнивания и прикатывания
Южно-таежно-лесная зона|Среднерусская провинция|Озимая рожь|Экстенсивный||Посев|Загрузка семян в транспортные средства|129||Перед посевом|Зернопогрузчики
Южно-таежно-лесная зона|Среднерусская провинция|Озимая рожь|Экстенсивный||Посев|Транспортировка|130|||
Южно-таежно-лесная зона|Среднерусская провинция|Озимая рожь|Экстенсивный||Посев|Посев|131|Обычный посев, рядовой, узкорядный. Глубина посева семян (зависит от влажности почвы и механического состава) - на влажной суглинистой 3-4 см, на сухой песчаной - 5-6см. Норма высева: 4-5 млн. всх. зерен на га (в зависимости от способа посева, плодородия почвы)|При среднесуточной температуре не выше 16-18 оС в течение 3 суток. Среднестатистические календарные сроки 25 августа – 15 сентября|Сеялки зерновые и зернотуковые, рядовые и узкорядные
Южно-таежно-лесная зона|Среднерусская провинция|Озимая рожь|Экстенсивный||Уход за посевами|Боронование посевов|132|При появлении всходов однолетних и зимующих сорняков.|В фазу 3-4 листьев (осенью) и весной при подсыхании почвы|Бороны зубовые средние
Южно-таежно-лесная зона|Среднерусская провинция|Озимая рожь|Экстенсивный||Уборка |Прямое комбайнирование|133|При влажности зерна 20 %||Комбайны
Южно-таежно-лесная зона|Среднерусская провинция|Озимая рожь|Экстенсивный||Уборка |Раздельная уборка: скашивание в валки|134|При засорённом хлебостое, влажности зерна 24-26%||Жатки валковые
Южно-таежно-лесная зона|Среднерусская провинция|Озимая рожь|Экстенсивный||Уборка |Подбор валков|135|Влажность зерна не более 14-15%.|Через 3-5 дней после скашивания|Комбайны с подборщиками
Южно-таежно-лесная зона|Среднерусская провинция|Озимая рожь|Экстенсивный||Послеуборочная обработка зерна|Взвешивание|136|||Весы автомобильные
Южно-таежно-лесная зона|Среднерусская провинция|Озимая рожь|Экстенсивный||Послеуборочная обработка зерна|Предварительная очистка|137|Очистка от первичных примесей||Машины предварительной очистки
Южно-таежно-лесная зона|Среднерусская провинция|Озимая рожь|Экстенсивный||Послеуборочная обработка зерна|Сушка зерна|138|||Сушилки стационарные, передвижные
Южно-таежно-лесная зона|Среднерусская провинция|Озимая рожь|Экстенсивный||Послеуборочная обработка зерна|Первичная очистка|139|Доведение зерна до кондиционных параметров по содержанию посторонних включений||Машины первичной очистки
Южно-таежно-лесная зона|Среднерусская провинция|Озимая рожь|Экстенсивный||Послеуборочная обработка зерна|Проверка качества зерна|140| |При закладке на хранение|Лабораторное оборудование
Южно-таежно-лесная зона|Среднерусская провинция|Озимая рожь|Экстенсивный||Послеуборочная обработка зерна|Загрузка и транспортировка зерна на хранение или элеватор|141||После очистки|Зернопогрузчики, автомобили
Южно-таежно-лесная зона|Среднерусская провинция|Озимая рожь|Нормальный|{Занятый пар викоовсяный, Занятый пар горохоовсяный, ранние пропашные, зернобобовые}|Обработка почвы|Поверхностная обработка дискованием|142|В 1 -2 следа на 8-10 см|Вслед за уборкой предшественника|Бороны дисковые тяжелые
Южно-таежно-лесная зона|Среднерусская провинция|Озимая рожь|Нормальный|{Занятый пар викоовсяный, Занятый пар горохоовсяный, ранние пропашные, зернобобовые}|Обработка почвы|Культивация с боронованием|143|На глубину 6 - 8 см|При появлении сорняков|Культиваторы паровые
Южно-таежно-лесная зона|Среднерусская провинция|Озимая рожь|Нормальный|{Занятый пар викоовсяный, Занятый пар горохоовсяный, ранние пропашные, зернобобовые}|Обработка почвы|Предпосевная обработка|144|На глубину посева|Перед посевом|комбинированные агрегаты для выравнивания и прикатывания
Южно-таежно-лесная зона|Среднерусская провинция|Озимая рожь|Нормальный|{Многолетние травы 1 -2-х лет пользования}|Обработка почвы|Поверхностная обработка дискованием|145|На 8-10 см в 2 следа (до черна)|После первого укоса многолетних трав|Бороны дисковые тяжелые
Южно-таежно-лесная зона|Среднерусская провинция|Озимая рожь|Нормальный|{Многолетние травы 1 -2-х лет пользования}|Обработка почвы|Вспашка|146|На глубину 20-22 см (с полной заделкой растительных остатков)|Через 8-10 дней после дискования |Отвальные плуги
Южно-таежно-лесная зона|Среднерусская провинция|Озимая рожь|Нормальный|{Многолетние травы 1 -2-х лет пользования}|Обработка почвы|Культивация с боронованием|147|На глубину 6 - 8 см|При появлении сорняков|Культиваторы паровые
Южно-таежно-лесная зона|Среднерусская провинция|Озимая рожь|Нормальный|{Многолетние травы 1 -2-х лет пользования}|Обработка почвы|Предпосевная обработка|148|На глубину посева|Перед посевом|Комбинированные агрегаты для выравнивания и прикатывания
Южно-таежно-лесная зона|Среднерусская провинция|Озимая рожь|Нормальный||Основное внесение удобрений|Внесение органических удобрений|149|в дозе 5-10 т/га севооборотной площади|После уборки предшественника под вспашку|Машины для внесения органических удобрений
Южно-таежно-лесная зона|Среднерусская провинция|Озимая рожь|Нормальный||Основное внесение удобрений|Внесение минеральных удобрений|150|N30P60K60|Фосфорные и калийные под основную обработку. Азотные под предпосевную обработку или совместно с посевом|Агрегаты для растаривания и измельчения минеральных удобрений; Погрузчики; Разбрасыватели туков; Сеялки с устройствами для внесения удобрений 
Южно-таежно-лесная зона|Среднерусская провинция|Озимая рожь|Нормальный||Подготовка семян к посеву|Простое протравливание|151| Фунгицидные протравители: Винцит Форте 1,5 л/т|Свежеубранные семена не позднее 2-3 дней до посева|Оборудование для протравливания семян
Южно-таежно-лесная зона|Среднерусская провинция|Озимая рожь|Нормальный||Посев|Загрузка семян в транспортные средства|152||Перед посевом|Зернопогрузчики
Южно-таежно-лесная зона|Среднерусская провинция|Озимая рожь|Нормальный||Посев|Транспортировка|153|||
Южно-таежно-лесная зона|Среднерусская провинция|Озимая рожь|Нормальный||Посев|Посев|154|Обычный посев, рядовой, узкорядный. Глубина посева семян (зависит от влажности почвы и механического состава) - на влажной суглинистой 3-4 см, на сухой песчаной - 5-6см. Норма высева: 4-5 млн. всх. зерен на га (в зависимости от способа посева, плодородия |При среднесуточной температуре не выше 16-18 оС в течение 3 суток. Среднестатистические календарные сроки 25 августа – 15 сентября|Сеялки зерновые и зернотуковые рядовые и узкорядные
Южно-таежно-лесная зона|Среднерусская провинция|Озимая рожь|Нормальный||Уход за посевами|Боронование посевов|155|При появлении всходов однолетних и зимующих сорняков.|В фазу 3-4 листьев (осенью) и весной при подсыхании почвы|Бороны зубовые средние
Южно-таежно-лесная зона|Среднерусская провинция|Озимая рожь|Нормальный||Уход за посевами|Обработка посевов пестицидами от сорняков, вредителей и болезней|156|Опрыскивание посевов баковой смесью гербицида, инсектицида и фунгицида (Линтур 180 г/га + Данадим, КЭ 1 л/га + Импакт, КС 0,5 л/га).|Осенью или весной в фазу кущения растений|Штанговые опрыскиватели
Южно-таежно-лесная зона|Среднерусская провинция|Озимая рожь|Нормальный||Уход за посевами|Подкормки азотными удобрениями|157|N60|В фазу весеннего отрастания|Агрегаты для растаривания и измельчения минеральных удобрений; Погрузчики;  Разбрасыватели туков
Южно-таежно-лесная зона|Среднерусская провинция|Озимая рожь|Нормальный||Уборка урожая|Обкашивание полей|158|Восковая спелость|За 10 дней до начала основной уборки|Комбайны
Южно-таежно-лесная зона|Среднерусская провинция|Озимая рожь|Нормальный||Уборка урожая|Прямое комбайнирование|159|При влажности зерна 18-20%||Комбайны
Южно-таежно-лесная зона|Среднерусская провинция|Озимая рожь|Нормальный||Уборка урожая|Раздельная уборка: скашивание в валки|160|При засорённом хлебостое, влажности зерна 24-26%||Жатки валковые
Южно-таежно-лесная зона|Среднерусская провинция|Озимая рожь|Нормальный||Уборка урожая|Подбор валков|161|Влажность зерна не более 14-15%.|Через 3-5 дней после скашивания|Комбайны с подборщиками
Южно-таежно-лесная зона|Среднерусская провинция|Озимая рожь|Нормальный||Послеуборочная обработка зерна|Взвешивание|162|||Весы автомобильные
Южно-таежно-лесная зона|Среднерусская провинция|Озимая рожь|Нормальный||Послеуборочная обработка зерна|Предварительная очистка|163|Очистка от первичных примесей||Машины предварительной очистки
Южно-таежно-лесная зона|Среднерусская провинция|Озимая рожь|Нормальный||Послеуборочная обработка зерна|Сушка зерна|164|||Сушилки стационарные, передвижные
Южно-таежно-лесная зона|Среднерусская провинция|Озимая рожь|Нормальный||Послеуборочная обработка зерна|Первичная очистка|165|Доведение зерна до кондиционных параметров по содержанию посторонних включений||Машины первичной очистки
Южно-таежно-лесная зона|Среднерусская провинция|Озимая рожь|Нормальный||Послеуборочная обработка зерна|Подготовка семян|166|Доведение семян до кондиционных параметров согласно требованиям ГОСТ Р 52325-2005г на семена||Приставки семяочистительные
Южно-таежно-лесная зона|Среднерусская провинция|Озимая рожь|Нормальный||Послеуборочная обработка зерна|Проверка качества зерна|167| |При закладке на хранение|Лабораторное оборудование
Южно-таежно-лесная зона|Среднерусская провинция|Озимая рожь|Нормальный||Послеуборочная обработка зерна|Загрузка и транспортировка зерна на хранение или элеватор|168||После очистки|Зернопогрузчики, автомобили
Южно-таежно-лесная зона|Среднерусская провинция|Озимая рожь|Интенсивный|{Занятый пар вико-овсяный, Занятый пар горохо-овсяный, Занятый пар сидеральный, ранние пропашные}|Обработка почвы|Поверхностная обработка дискованием|169|В 1 -2 следа на 8-10 см|Вслед за уборкой предшественника|Бороны дисковые тяжелые
Южно-таежно-лесная зона|Среднерусская провинция|Озимая рожь|Интенсивный|{Занятый пар вико-овсяный, Занятый пар горохо-овсяный, Занятый пар сидеральный, ранние пропашные}|Обработка почвы|Культивация с боронованием|170|На глубину 6 - 8 см|При появлении сорняков|Культиваторы паровые
Южно-таежно-лесная зона|Среднерусская провинция|Озимая рожь|Интенсивный|{Занятый пар вико-овсяный, Занятый пар горохо-овсяный, Занятый пар сидеральный, ранние пропашные}|Обработка почвы|Предпосевная обработка|171|На глубину посева|Перед посевом|комбинированные агрегаты для выравнивания и прикатывания
Южно-таежно-лесная зона|Среднерусская провинция|Озимая рожь|Интенсивный|{Многолетние бобовые и бобово-злаковые травы 1 -2-х лет пользования}|Обработка почвы|Поверхностная обработка дискованием|172|На 8-10 см в 2 следа (до черна)|После первого укоса многолетних трав|Бороны дисковые тяжелые
Южно-таежно-лесная зона|Среднерусская провинция|Озимая рожь|Интенсивный|{Многолетние бобовые и бобово-злаковые травы 1 -2-х лет пользования}|Обработка почвы|Вспашка|173|На глубину 20-22 см (с полной заделкой растительных остатков)|Через 8-10 дней после дискования |Отвальные плуги
Южно-таежно-лесная зона|Среднерусская провинция|Озимая рожь|Интенсивный|{Многолетние бобовые и бобово-злаковые травы 1 -2-х лет пользования}|Обработка почвы|Культивация с боронованием|174|На глубину 6 - 8 см|При появлении сорняков|Культиваторы паровые
Южно-таежно-лесная зона|Среднерусская провинция|Озимая рожь|Интенсивный|{Многолетние бобовые и бобово-злаковые травы 1 -2-х лет пользования}|Обработка почвы|Предпосевная обработка|175|На глубину посева|Перед посевом|Комбинированные агрегаты для выравнивания и прикатывания
Южно-таежно-лесная зона|Среднерусская провинция|Озимая рожь|Интенсивный||Основное внесение удобрений|Известкование|176|2-5 тонн извести на га, в зависимости от кислотности почвы (доза в т/га рассчитывается по гидролитической кослотности), с обязательной заделкой в системе основной обработки почвы, включающей лущение или дискование с последующей вспашкой на 20-25 см.|Осенью при основной обработке почвы под паро-занимающую культуру или после первого укоса многолетних трав|Спецмашины по разбрасыванию извести
Южно-таежно-лесная зона|Среднерусская провинция|Озимая рожь|Интенсивный||Основное внесение удобрений|Внесение органических удобрений|177|Перепревший навоз, торфо-навозный компост, сидерат и др. виды органических удобрений из расчета 5-10 т/га севооборотной площади, с обязательной заделкой в системе основной обработки почвы, включающей лущение или дискование с последующей вспашкой на 20-25 см.|Осенью при основной обработке почвы под паро-занимающую культуру или после первого укоса многолетних трав|Машины для внесения органических удобрений
Южно-таежно-лесная зона|Среднерусская провинция|Озимая рожь|Интенсивный||Основное внесение удобрений|Основное внесение минеральных удобрений|178|N15P75K75 - разбросным способом под основную обработку почвы или под культивацию; N15P15 K15 - в рядки при посеве |N15P75K75 - разбросным способом под основную обработку почвы или под культивацию; N15P15 K15 - в рядки при посеве|Агрегаты для растаривания и измельчения минеральных удобрений; Погрузчики; Разбрасыватели туков; Сеялки с устройствами для внесения удобрений 
Южно-таежно-лесная зона|Среднерусская провинция|Озимая рожь|Интенсивный||Подготовка семян к посеву|Воздушно-тепловой обогрев|179| 3-5 дн. на солнце или в сушилке при t45°C 2-3 часа |Перед посевом.|Оборудование для теплового обогрева
Южно-таежно-лесная зона|Среднерусская провинция|Озимая рожь|Интенсивный||Подготовка семян к посеву|Протравливание семян|180|Фунгицидные и инсектицидные протравители: Винцит Форте 1,25 л/т + Пикус 1,0 л/т. Расход раб.жидкости – 10 л/т.|Перед посевом. Свежеубранные семена не позднее 2-3 дней; из переходящего фонда - за 2-3 недели до посева|Протравители семян
Южно-таежно-лесная зона|Среднерусская провинция|Озимая рожь|Интенсивный||Посев|Загрузка семян в транспортные средства|181||Перед посевом|Зернопогрузчики
Южно-таежно-лесная зона|Среднерусская провинция|Озимая рожь|Интенсивный||Посев|Транспортировка|182|||
Южно-таежно-лесная зона|Среднерусская провинция|Озимая рожь|Интенсивный||Посев|Посев|183|Посев с одновременным внесением стартовой дозы удобрений и с оставлением технологической колеи. Оставлять незасеянные рядки семян шириной колеи до 60 см и кратной за­хвату агрегата по уходу за посевами. Обычный посев, рядовой, узкорядный. Глубина посева семян (зависит от влажности почвы и механического состава) - на влажной суглинистой 3-4 см, на сухой песчаной - 5-6см. Норма высева: 4-5 млн. всх. зерен на га (в зависимости от способа посева, плодородия почвы)| При среднесуточной температуре не выше 16-18 оС в течение 3 суток. Среднестатистические календарные сроки 25 августа – 15 сентября|Зернотуковые сеялки или комбинированные посевные агрегаты с предпосевной обработкой почвы
Южно-таежно-лесная зона|Среднерусская провинция|Озимая рожь|Интенсивный||Уход за посевами|Боронование посевов|184|При появлении всходов однолетних и зимующих сорняков.|В фазу 3-4 листьев (осенью) и весной при подсыхании почвы|Бороны зубовые средние
Южно-таежно-лесная зона|Среднерусская провинция|Озимая рожь|Интенсивный||Уход за посевами||185|||
Южно-таежно-лесная зона|Среднерусская провинция|Озимая рожь|Интенсивный||Уход за посевами|Обработка посевов пестицидами от сорняков, вредителей и болезней|186|Опрыскивание посевов баковой смесью пестицидов. 1. С осени – применение средств защиты растений (гербициды, инсектициды и фунгициды) – Тандем, ВДГ 0,25 кг/га + Данадим Эксперт, КЭ 1 л/га + Импакт Эксклюзив, КС 0,5 кг/га; |Осенью в фазу кущения растений;|Штанговые опрыскиватели
Южно-таежно-лесная зона|Среднерусская провинция|Озимая рожь|Интенсивный||Уход за посевами|Обработка посевов пестицидами от сорняков, вредителей и болезней|187|Опрыскивание посевов баковой смесью пестицидов. 2. Весной (фаза GS 21 - 22)– инсектицид Данадим Пауер, КЭ 1 л/га + фунгицид Импакт Супер 0,75 л/га |Весной в фазу кущения – начала трубкования;|Штанговые опрыскиватели
Южно-таежно-лесная зона|Среднерусская провинция|Озимая рожь|Интенсивный||Уход за посевами|Обработка посевов пестицидами от сорняков, вредителей и болезней|188|Опрыскивание посевов баковой смесью пестицидов. 3. Фаза начала трубкования (фаза GS 31-32) - ретардант Сапресс, КЭ 0,3 л/га + гербицид Фокстрот, ВЭ 1,0 л/га (при наличии мятликовых сорняков) + фунгициды Импакт Супер 0,75 л/га + Данадим Пауер 0,6 л/га (при прогнозе массового развития болезней и вредителей);|В фазу начала колошения при прогнозе массового развития болезней и вредителей.|Штанговые опрыскиватели
Южно-таежно-лесная зона|Среднерусская провинция|Озимая рожь|Интенсивный||Уход за посевами|Обработка посевов пестицидами от сорняков, вредителей и болезней|189|Опрыскивание посевов баковой смесью пестицидов. 4. Защита колоса при прогнозе массового развития болезней и вредителей – фунгицид Консул, КС 1,0 л/га + инсектицид Вантекс, МКС 60 мл/га.|В фазу начала колошения при прогнозе массового развития болезней и вредителей.|Штанговые опрыскиватели
Южно-таежно-лесная зона|Среднерусская провинция|Озимая рожь|Интенсивный||Уход за посевами|Подкормки азотными удобрениями|190|N60 + N30 |В фазу весеннего кущения и в фазу выхода в трубку|Агрегаты для растаривания и измельчения минеральных удобрений; Погрузчики; Разбрасыватели туков 
Южно-таежно-лесная зона|Среднерусская провинция|Озимая рожь|Интенсивный||Уборка урожая|Обкашивание полей|191|Восковая спелость|За 10 дней до начала основной уборки|Комбайны
Южно-таежно-лесная зона|Среднерусская провинция|Озимая рожь|Интенсивный||Уборка урожая|Прямое комбайнирование|192|При влажности зерна 18%||Комбайны
Южно-таежно-лесная зона|Среднерусская провинция|Озимая рожь|Интенсивный||Уборка урожая|Раздельная уборка:|193|При засорённом хлебостое, влажности зерна 22-24%||Жатки валковые
Южно-таежно-лесная зона|Среднерусская провинция|Озимая рожь|Интенсивный||Уборка урожая|скашивание в валки|194|||
Южно-таежно-лесная зона|Среднерусская провинция|Озимая рожь|Интенсивный||Уборка урожая|Подбор валков|195|Влажность зерна не более 14-15%.|Через 3-5 дней после скашивания|Комбайны с подборщиками
Южно-таежно-лесная зона|Среднерусская провинция|Озимая рожь|Интенсивный||Послеуборочная обработка зерна|Взвешивание|196|||Весы автомобильные
Южно-таежно-лесная зона|Среднерусская провинция|Озимая рожь|Интенсивный||Послеуборочная обработка зерна|Предварительная очистка|197|Очистка от первичных примесей||Машины предварительной очистки
Южно-таежно-лесная зона|Среднерусская провинция|Озимая рожь|Интенсивный||Послеуборочная обработка зерна|Сушка зерна|198|||Сушилки стационарные, передвижные
Южно-таежно-лесная зона|Среднерусская провинция|Озимая рожь|Интенсивный||Послеуборочная обработка зерна|Первичная очистка|199|Доведение зерна до кондиционных параметров по содержанию посторонних включений||Машины первичной очистки
Южно-таежно-лесная зона|Среднерусская провинция|Озимая рожь|Интенсивный||Послеуборочная обработка зерна|Подготовка семян|200|Доведение семян до кондиционных параметров согласно требованиям ГОСТ Р 52325-2005г на семена||Приставки семяочистительные
Южно-таежно-лесная зона|Среднерусская провинция|Озимая рожь|Интенсивный||Послеуборочная обработка зерна|Проверка качества зерна|201||При закладке на хранение|Лабораторное оборудование
Южно-таежно-лесная зона|Среднерусская провинция|Озимая рожь|Интенсивный||Послеуборочная обработка зерна|Загрузка и транспортировка зерна на хранение в склад или элеватор|202||После очистки|Зернопогрузчики, автомобили
Южно-таежно-лесная зона|Среднерусская провинция|Озимая рожь|Точный|{Занятый пар вико-овсяный, Занятый пар горохо-овсяный, Занятый пар сидеральный, ранние пропашные}|Обработка почвы|Поверхностная обработка дискованием|203|В 1 -2 следа на 8-10 см|Вслед за уборкой предшественника|Бороны дисковые тяжелые
Южно-таежно-лесная зона|Среднерусская провинция|Озимая рожь|Точный|{Занятый пар вико-овсяный, Занятый пар горохо-овсяный, Занятый пар сидеральный, ранние пропашные}|Обработка почвы|Культивация с боронованием|204|На глубину 6 - 8 см|При появлении сорняков|Культиваторы паровые
Южно-таежно-лесная зона|Среднерусская провинция|Озимая рожь|Точный|{Занятый пар вико-овсяный, Занятый пар горохо-овсяный, Занятый пар сидеральный, ранние пропашные}|Обработка почвы|Предпосевная обработка|205|На глубину посева|Перед посевом|комбинированные агрегаты для выравнивания и прикатывания
Южно-таежно-лесная зона|Среднерусская провинция|Озимая рожь|Точный|{Многолетние бобовые и бобово-злаковые травы 1 -2-х лет пользования}|Обработка почвы|Поверхностная обработка дискованием|206|На 8-10 см в 2 следа (до черна)|После первого укоса многолетних трав|Бороны дисковые тяжелые
Южно-таежно-лесная зона|Среднерусская провинция|Озимая рожь|Точный|{Многолетние бобовые и бобово-злаковые травы 1 -2-х лет пользования}|Обработка почвы|Вспашка|207|На глубину 20-22 см (с полной заделкой растительных остатков)|Через 8-10 дней после дискования |Отвальные плуги
Южно-таежно-лесная зона|Среднерусская провинция|Озимая рожь|Точный|{Многолетние бобовые и бобово-злаковые травы 1 -2-х лет пользования}|Обработка почвы|Культивация с боронованием|208|На глубину 6 - 8 см|При появлении сорняков|Культиваторы паровые
Южно-таежно-лесная зона|Среднерусская провинция|Озимая рожь|Точный|{Многолетние бобовые и бобово-злаковые травы 1 -2-х лет пользования}|Обработка почвы|Предпосевная обработка|209|На глубину посева|Перед посевом|Комбинированные агрегаты для выравнивания и прикатывания
Южно-таежно-лесная зона|Среднерусская провинция|Озимая рожь|Точный||Основное внесение удобрений|Известкование|210|2-5 тонн извести на га, в зависимости от кислотности почвы (доза в т/га рассчитывается по гидролитической кислотности), с обязательной заделкой в системе основной обработки почвы, включающей лущение или дискование с последующей вспашкой на 20-25 см.|Осенью при основной обработке почвы под паро-занимающую культуру или после первого укоса многолетних трав|Спецмашины по разбрасыванию извести
Южно-таежно-лесная зона|Среднерусская провинция|Озимая рожь|Точный||Основное внесение удобрений|Внесение органических удобрений|211|Перепревший навоз, торфонавозный компост, сидерат и др. виды органических удобрений из расчета 5-10 т/га севооборотной площади, с обязательной заделкой в системе основной обработки почвы, включающей лущение или дискование с последующей вспашкой на 20-25 см.|Осенью при основной обработке почвы под паро-занимающую культуру или после первого укоса многолетних трав|Машины для внесения органических удобрений
Южно-таежно-лесная зона|Среднерусская провинция|Озимая рожь|Точный||Основное внесение удобрений|Основное внесение минеральных удобрений|212|Дифференцированное внесение в зависимости от содержания в почве доступных форм основных элементов питания: N15P105K105 - разбросным способом под основную обработку почвы или под культивацию; N15P15 K15 - в рядки при посеве|N15P105K105 - разбросным способом под основную обработку почвы или под культивацию; N15P15 K15 - в рядки при посеве|"Агрегаты для растаривания и измельчения минеральных удобрений
Погрузчики
Разбрасыватели туков
Сеялки с устройствами для внесения удобрений"
Южно-таежно-лесная зона|Среднерусская провинция|Озимая рожь|Точный||Подготовка семян к посеву|Воздушно-тепловой обогрев|213|3-5 дн. на солнце или в сушилке при t45°C 2-3 часа |Перед посевом|Оборудование для теплового обогрева
Южно-таежно-лесная зона|Среднерусская провинция|Озимая рожь|Точный||Подготовка семян к посеву|Инкрустирование семян оболочкой с наполнителями (фунгициды и инсектициды)|214|На 1 т семян: вода + прилипатель + протравитель (Винцит Форте 1,25 л/т + Пикус 1,0 л/т). Расход раб.жидкости – 10 л/т.|Перед посевом. Свежеубранные семена не позднее 2-3 дней; из переходящего фонда - за 2-3 недели до посева|Оборудование для инкрустирования и протравливания семян
Южно-таежно-лесная зона|Среднерусская провинция|Озимая рожь|Точный||Посев|Загрузка семян в транспортные средства|215||Перед посевом|Зернопогрузчики
Южно-таежно-лесная зона|Среднерусская провинция|Озимая рожь|Точный||Посев|Транспортировка|216|||
Южно-таежно-лесная зона|Среднерусская провинция|Озимая рожь|Точный||Посев|Посев|217|Посев с одновременным внесением стартовой дозы удобрений и с оставлением технологической колеи. Оставлять незасеянные рядки семян шириной колеи до 60 см и кратной за­хвату агрегата по уходу за посевами. Обычный посев, рядовой, узкорядный. Глубина посева семян (зависит от влажности почвы и механического состава) - на влажной суглинистой 3-4 см, на сухой песчаной - 5-6см. Норма высева: 4-5 млн. всх. зерен на га (в зависимости от способа посева, плодородия почвы)| При среднесуточной температуре не выше 16-18 оС в течение 3 суток. Среднестатистические календарные сроки 25 августа – 15 сентября|Зернотуковые сеялки или комбинированные посевные агрегаты с предпосевной обработкой почвы
Южно-таежно-лесная зона|Среднерусская провинция|Озимая рожь|Точный||Уход за посевами|Боронование посевов|218|При появлении всходов однолетних и зимующих сорняков.|В фазу 3-4 листьев (осенью) и весной при подсыхании почвы|Бороны зубовые средние
Южно-таежно-лесная зона|Среднерусская провинция|Озимая рожь|Точный||Уход за посевами|Обработка посевов пестицидами от сорняков, вредителей и болезней|219|Опрыскивание посевов баковой смесью пестицидов. 1. С осени – гербициды Атон, ВДГ 0,06 кг/га + инсектицид Данадим Пауер, КЭ 0,6 л/га + фунгицид Импакт Эксклюзив, КС 0,5 л/га + ретардант Сапресс, КЭ 0,3 л/га;|Осенью в фазу кущения растений;|Штанговые опрыскиватели
Южно-таежно-лесная зона|Среднерусская провинция|Озимая рожь|Точный||Уход за посевами|Обработка посевов пестицидами от сорняков, вредителей и болезней|220|Опрыскивание посевов баковой смесью пестицидов. 2. Весной (фаза GS 21 - 22) – инсектициды Данадим Пауер, КЭ 0,6 л/га + Вантекс 60 мл/га + фунгицид Альто Супер, КЭ 0,5 л/га + гербициды Фокстрот, ВЭ 1,0 л/га и Агроксон 0,5 л/га.|Весной в фазу кущения – начала трубкования;|Штанговые опрыскиватели
Южно-таежно-лесная зона|Среднерусская провинция|Озимая рожь|Точный||Уход за посевами|Обработка посевов пестицидами от сорняков, вредителей и болезней|221|Опрыскивание посевов баковой смесью пестицидов. 3. В начале трубкования (фаза GS 31-32) - ретардант Сапресс, КЭ 0,3 л/га + фунгицид Консул 0,8 л/га + инсектицид Данадим Пауер 0,6 л/га (при массовом развитии вредителей и эпифитотийном развитии болезней).|В фазу начала колошения по прогнозу развития болезней и вредителей.|Штанговые опрыскиватели
Южно-таежно-лесная зона|Среднерусская провинция|Озимая рожь|Точный||Уход за посевами|Обработка посевов пестицидами от сорняков, вредителей и болезней|222|Опрыскивание посевов баковой смесью пестицидов. 4. Для защиты флагового листа и колоса – Консул, КС 1,0 л/га + Вантекс, МКС 60 мл/га |В фазу начала колошения по прогнозу развития болезней и вредителей.|Штанговые опрыскиватели
Южно-таежно-лесная зона|Среднерусская провинция|Озимая рожь|Точный||Уход за посевами|Подкормки азотными удобрениями|223|Дифференцированное внесение по результатам листовой диагностики: в среднем  N60 весной в кущение, |В фазы: весеннего кущения, |"Агрегаты для растаривания и измельчения минеральных удобрений
Погрузчики
Разбрасыватели туков
Штанговые опрыскиватели для внесения жидких удобрений
"
Южно-таежно-лесная зона|Среднерусская провинция|Озимая рожь|Точный||Уход за посевами|Подкормки азотными удобрениями|224|Дифференцированное внесение по результатам листовой диагностики: в среднем  N30 в фазу выхода в трубку, |В фазы:  выхода в трубку, |"Агрегаты для растаривания и измельчения минеральных удобрений
Погрузчики
Разбрасыватели туков
Штанговые опрыскиватели для внесения жидких удобрений
"
Южно-таежно-лесная зона|Среднерусская провинция|Озимая рожь|Точный||Уход за посевами|Подкормки азотными удобрениями|225|Дифференцированное внесение по результатам листовой диагностики: в среднем  N30 – в колошение - цветение (для повышения качества зерна рекомендуется проводить внекорневую подкормку 15-20 % раствором мочевины).|В фазы: колошения|"Агрегаты для растаривания и измельчения минеральных удобрений
Погрузчики
Разбрасыватели туков
Штанговые опрыскиватели для внесения жидких удобрений
"
Южно-таежно-лесная зона|Среднерусская провинция|Озимая рожь|Точный||Уход за посевами|Внекорневые обработки|226|1. Обработка в фазу кущения – начала трубкования жидкими комплексными удобрениями ЖКУ APALIQVA NP 11:37 30 кг/га + растворами микроудобрений с гуматом калия + биологические стимуляторы роста + микробиологические препараты фунгицидного действия Метабактерин, СП 12 г/га или АпаСил 100 г/га.|в фазу кущения – начала трубкования|Штанговые опрыскиватели для внесения жидких удобрений
Южно-таежно-лесная зона|Среднерусская провинция|Озимая рожь|Точный||Уборка урожая|Обкашивание полей|227|Восковая спелость|За 10 дней до начала основной уборки|Комбайны с датчиками урожайности и системами позиционирования
Южно-таежно-лесная зона|Среднерусская провинция|Озимая рожь|Точный||Уборка урожая|Прямое комбайнирование|228|При влажности зерна 16%||Комбайны с датчиками урожайности и системами позиционирования
Южно-таежно-лесная зона|Среднерусская провинция|Озимая рожь|Точный||Послеуборочная обработка зерна|Взвешивание|229|||Весы автомобильные
Южно-таежно-лесная зона|Среднерусская провинция|Озимая рожь|Точный||Послеуборочная обработка зерна|Предварительная очистка|230|Очистка от первичных примесей|| Семяочистительные комплексы 5-го поколения
Южно-таежно-лесная зона|Среднерусская провинция|Озимая рожь|Точный||Послеуборочная обработка зерна|Сушка зерна|231||| Семяочистительные комплексы 5-го поколения
Южно-таежно-лесная зона|Среднерусская провинция|Озимая рожь|Точный||Послеуборочная обработка зерна|Первичная очистка|232|Доведение зерна до кондиционных параметров по содержанию посторонних включений|| Семяочистительные комплексы 5-го поколения
Южно-таежно-лесная зона|Среднерусская провинция|Озимая рожь|Точный||Послеуборочная обработка зерна|Подготовка семян|233|Доведение семян до кондиционных параметров согласно требованиям ГОСТ Р 52325-2005г на семена|| Семяочистительные комплексы 5-го поколения
Южно-таежно-лесная зона|Среднерусская провинция|Озимая рожь|Точный||Послеуборочная обработка зерна|Проверка качества зерна|234||При закладке на хранение|Лабораторное оборудование
Южно-таежно-лесная зона|Среднерусская провинция|Озимая рожь|Точный||Послеуборочная обработка зерна|Загрузка и транспортировка зерна на хранение или элеватор|235||После очистки|Зернопогрузчики, автомобили
Южно-таежно-лесная зона|Среднерусская провинция|Озимая тритикале|Экстенсивный|{Зерновые и зернобобовые сплошного сева}|Обработка почвы|Лущение|236|На 6-8см в 1 -2 следа|Вслед за уборкой предшественника|Лущильники лемешные или дисковые
Южно-таежно-лесная зона|Среднерусская провинция|Озимая тритикале|Экстенсивный|{Зерновые и зернобобовые сплошного сева}|Обработка почвы|Вспашка|237|На 20-22см с полной заделкой растительных остатков|Через 8-10 дней после лущения|Отвальные плуги
Южно-таежно-лесная зона|Среднерусская провинция|Озимая тритикале|Экстенсивный|{Зерновые и зернобобовые сплошного сева}|Обработка почвы|Культивация с боронованием|238|На глубину 6 - 8 см|При появлении сорняков|Культиваторы паровые
Южно-таежно-лесная зона|Среднерусская провинция|Озимая тритикале|Экстенсивный|{Зерновые и зернобобовые сплошного сева}|Обработка почвы|Предпосевная обработка|239|На глубину посева|Перед посевом|комбинированные агрегаты для выравнивания и прикатывания
Южно-таежно-лесная зона|Среднерусская провинция|Озимая тритикале|Экстенсивный|{Многолетние травы 1 -2-х лет пользования}|Обработка почвы|Дискование|240|На 8-10 см в 2 следа (до черна)|После первого укоса многолетних трав|Бороны тяжелые дисковые
Южно-таежно-лесная зона|Среднерусская провинция|Озимая тритикале|Экстенсивный|{Многолетние травы 1 -2-х лет пользования}|Обработка почвы|Вспашка|241|На глубину 20-22 см (с полной заделкой растительных остатков)|Через 8-10 дней после дискования |Отвальные плуги
Южно-таежно-лесная зона|Среднерусская провинция|Озимая тритикале|Экстенсивный|{Многолетние травы 1 -2-х лет пользования}|Обработка почвы|Культивация с боронованием|242|На глубину 6 - 8 см|При появлении сорняков|Культиваторы паровые
Южно-таежно-лесная зона|Среднерусская провинция|Озимая тритикале|Экстенсивный|{Многолетние травы 1 -2-х лет пользования}|Обработка почвы|Предпосевная обработка|243|На глубину посева|Перед посевом|комбинированные агрегаты для выравнивания и прикатывания
Южно-таежно-лесная зона|Среднерусская провинция|Озимая тритикале|Экстенсивный|{Многолетние травы 1 -2-х лет пользования}|Обработка почвы|Поверхностная обработка дискованием|244|В 1 -2 следа на 8-10 см|Вслед за уборкой предшественника|Бороны дисковые тяжелые
Южно-таежно-лесная зона|Среднерусская провинция|Озимая тритикале|Экстенсивный|{Занятый пар викоовсяный, Занятый пар горохоовсяный, ранние пропашные}|Обработка почвы|Культивация с боронованием|245|На глубину 6 - 8 см|При появлении сорняков|Культиваторы паровые
Южно-таежно-лесная зона|Среднерусская провинция|Озимая тритикале|Экстенсивный|{Занятый пар викоовсяный, Занятый пар горохоовсяный, ранние пропашные}|Обработка почвы|Предпосевная обработка|246|На глубину посева|Перед посевом|комбинированные агрегаты для выравнивания и прикатывания
Южно-таежно-лесная зона|Среднерусская провинция|Озимая тритикале|Экстенсивный||Посев|Загрузка семян в транспортные средства|247||Перед посевом|Зернопогрузчики
Южно-таежно-лесная зона|Среднерусская провинция|Озимая тритикале|Экстенсивный||Посев|Транспортировка|248|||
Южно-таежно-лесная зона|Среднерусская провинция|Озимая тритикале|Экстенсивный||Посев|Посев|249|Обычный посев, рядовой, узкорядный. Глубина посева семян (зависит от влажности почвы и механического состава) - на влажной суглинистой 3-4 см, на сухой песчаной - 5-6см. Норма высева: 4-5 млн. всх. зерен на га (в зависимости от способа посева, плодородия |При среднесуточной температуре не выше 16-18 оС в течение 3 суток. Среднестатистические календарные сроки 25 августа – 15 сентября|Сеялки зерновые и зернотуковые, рядовые и узкорядные
Южно-таежно-лесная зона|Среднерусская провинция|Озимая тритикале|Экстенсивный||Уход за посевами|Боронование посевов|250|При появлении всходов однолетних и зимующих сорняков.|В фазу 3-4 листьев (осенью) и весной при подсыхании почвы|Бороны зубовые средние
Южно-таежно-лесная зона|Среднерусская провинция|Озимая тритикале|Экстенсивный||Уборка |Прямое комбайнирование|251|При влажности зерна 20 %||Комбайны
Южно-таежно-лесная зона|Среднерусская провинция|Озимая тритикале|Экстенсивный||Уборка |Раздельная уборка: скашивание в валки|252|При засорённом хлебостое, влажности зерна 24-26%||Жатки валковые
Южно-таежно-лесная зона|Среднерусская провинция|Озимая тритикале|Экстенсивный||Уборка |Подбор валков|253|Влажность зерна не более 14-15%.|Через 3-5 дней после скашивания|Комбайны с подборщиками
Южно-таежно-лесная зона|Среднерусская провинция|Озимая тритикале|Экстенсивный||Послеуборочная обработка зерна|Взвешивание|254|||Весы автомобильные
Южно-таежно-лесная зона|Среднерусская провинция|Озимая тритикале|Экстенсивный||Послеуборочная обработка зерна|Предварительная очистка|255|Очистка от первичных примесей||Машины предварительной очистки
Южно-таежно-лесная зона|Среднерусская провинция|Озимая тритикале|Экстенсивный||Послеуборочная обработка зерна|Сушка зерна|256|||Сушилки стационарные, передвижные
Южно-таежно-лесная зона|Среднерусская провинция|Озимая тритикале|Экстенсивный||Послеуборочная обработка зерна|Первичная очистка|257|Доведение зерна до кондиционных параметров по содержанию посторонних включений||Машины первичной очистки
Южно-таежно-лесная зона|Среднерусская провинция|Озимая тритикале|Экстенсивный||Послеуборочная обработка зерна|Проверка качества зерна|258| |При закладке на хранение|Лабораторное оборудование
Южно-таежно-лесная зона|Среднерусская провинция|Озимая тритикале|Экстенсивный||Послеуборочная обработка зерна|Загрузка и транспортировка зерна на хранение или элеватор|259||После очистки|Зернопогрузчики, автомобили
Южно-таежно-лесная зона|Среднерусская провинция|Озимая тритикале|Нормальный|{Занятый пар викоовсяный, Занятый пар горохоовсяный, ранние пропашные, зернобобовые}|Обработка почвы|Поверхностная обработка дискованием|260|В 1 -2 следа на 8-10 см|Вслед за уборкой предшественника|Бороны дисковые тяжелые
Южно-таежно-лесная зона|Среднерусская провинция|Озимая тритикале|Нормальный|{Занятый пар викоовсяный, Занятый пар горохоовсяный, ранние пропашные, зернобобовые}|Обработка почвы|Культивация с боронованием|261|На глубину 6 - 8 см|При появлении сорняков|Культиваторы паровые
Южно-таежно-лесная зона|Среднерусская провинция|Озимая тритикале|Нормальный|{Занятый пар викоовсяный, Занятый пар горохоовсяный, ранние пропашные, зернобобовые}|Обработка почвы|Предпосевная обработка|262|На глубину посева|Перед посевом|комбинированные агрегаты для выравнивания и прикатывания
Южно-таежно-лесная зона|Среднерусская провинция|Озимая тритикале|Нормальный|{Многолетние травы 1 -2-х лет пользования}|Обработка почвы|Поверхностная обработка дискованием|263|На 8-10 см в 2 следа (до черна)|После первого укоса многолетних трав|Бороны дисковые тяжелые
Южно-таежно-лесная зона|Среднерусская провинция|Озимая тритикале|Нормальный|{Многолетние травы 1 -2-х лет пользования}|Обработка почвы|Вспашка|264|На глубину 20-22 см (с полной заделкой растительных остатков)|Через 8-10 дней после дискования |Отвальные плуги
Южно-таежно-лесная зона|Среднерусская провинция|Озимая тритикале|Нормальный|{Многолетние травы 1 -2-х лет пользования}|Обработка почвы|Культивация с боронованием|265|На глубину 6 - 8 см|При появлении сорняков|Культиваторы паровые
Южно-таежно-лесная зона|Среднерусская провинция|Озимая тритикале|Нормальный|{Многолетние травы 1 -2-х лет пользования}|Обработка почвы|Предпосевная обработка|266|На глубину посева|Перед посевом|Комбинированные агрегаты для выравнивания и прикатывания
Южно-таежно-лесная зона|Среднерусская провинция|Озимая тритикале|Нормальный||Основное внесение удобрений|Внесение органических удобрений|267|в дозе 5-10 т/га севооборотной площади|После уборки предшественника под вспашку|Машины для внесения органических удобрений
Южно-таежно-лесная зона|Среднерусская провинция|Озимая тритикале|Нормальный||Основное внесение удобрений|Внесение мине­ральных удобрений|268|N30P60K60|Фосфорные и калийные под основную обработку. Азотные под предпосевную обработку или совместно с посевом|"Агрегаты для растаривания и измельчения минеральных удобрений
Погрузчики
Разбрасыватели туков
Сеялки с устройствами для внесения удобрений"
Южно-таежно-лесная зона|Среднерусская провинция|Озимая тритикале|Нормальный||Подготовка семян к посеву|Простое протравливание|269| Фунгицидные протравители: Винцит Форте 1,5 л/т|Свежеубранные семена не позднее 2-3 дней до посева|Оборудование для  протравливания семян
Южно-таежно-лесная зона|Среднерусская провинция|Озимая тритикале|Нормальный||Посев|Загрузка семян в транспортные средства|270||Перед посевом|Зернопогрузчики
Южно-таежно-лесная зона|Среднерусская провинция|Озимая тритикале|Нормальный||Посев|Транспортировка|271|||
Южно-таежно-лесная зона|Среднерусская провинция|Озимая тритикале|Нормальный||Посев|Посев|272|Обычный посев, рядовой, узкорядный. Глубина посева семян (зависит от влажности почвы и механического состава) - на влажной суглинистой 3-4 см, на сухой песчаной - 5-6см. Норма высева: 4-5 млн. всх. зерен на га (в зависимости от способа посева, плодородия |При среднесуточной температуре не выше 16-18 оС в течение 3 суток. Среднестатистические календарные сроки 25 августа – 15 сентября|Сеялки зерновые и зернотуковые рядовые и узкорядные
Южно-таежно-лесная зона|Среднерусская провинция|Озимая тритикале|Нормальный||Уход за посевами|Боронование посевов|273|При появлении всходов однолетних и зимующих сорняков.|В фазу 3-4 листьев (осенью) и весной при подсыхании почвы|Бороны зубовые средние
Южно-таежно-лесная зона|Среднерусская провинция|Озимая тритикале|Нормальный||Уход за посевами|Обработка посевов пестицидами от сорняков, вредителей и болезней|274|Опрыскивание посевов баковой смесью гербицида, инсектицида и фунгицида (Линтур 180 г/га + Данадим, КЭ 1 л/га + Импакт, КС 0,5 л/га).|Осенью или весной в фазу кущения растений|Штанговые опрыскиватели
Южно-таежно-лесная зона|Среднерусская провинция|Озимая тритикале|Нормальный||Уход за посевами|Подкормки азотными удобрениями|275|N60|В фазу весеннего отрастания|"Агрегаты для растаривания и измельчения минеральных удобрений
Погрузчики
Разбрасыватели туков"
Южно-таежно-лесная зона|Среднерусская провинция|Озимая тритикале|Нормальный||Уборка урожая|Обкашивание полей|276|Восковая спелость|За 10 дней до начала основной уборки|Комбайны
Южно-таежно-лесная зона|Среднерусская провинция|Озимая тритикале|Нормальный||Уборка урожая|Прямое комбайнирование|277|При влажности зерна 18-20%||Комбайны
Южно-таежно-лесная зона|Среднерусская провинция|Озимая тритикале|Нормальный||Уборка урожая|Раздельная уборка:|278|При засорённом хлебостое, влажности зерна 24-26%||Жатки валковые
Южно-таежно-лесная зона|Среднерусская провинция|Озимая тритикале|Нормальный||Уборка урожая|скашивание в валки|279|||
Южно-таежно-лесная зона|Среднерусская провинция|Озимая тритикале|Нормальный||Уборка урожая|Подбор валков|280|Влажность зерна не более 14-15%.|Через 3-5 дней после скашивания|Комбайны с подборщиками
Южно-таежно-лесная зона|Среднерусская провинция|Озимая тритикале|Нормальный||Послеуборочная обработка зерна|Взвешивание|281|||Весы автомобильные
Южно-таежно-лесная зона|Среднерусская провинция|Озимая тритикале|Нормальный||Послеуборочная обработка зерна|Предварительная очистка|282|Очистка от первичных примесей||Машины предварительной очистки
Южно-таежно-лесная зона|Среднерусская провинция|Озимая тритикале|Нормальный||Послеуборочная обработка зерна|Сушка зерна|283|||Сушилки стационарные, передвижные
Южно-таежно-лесная зона|Среднерусская провинция|Озимая тритикале|Нормальный||Послеуборочная обработка зерна|Первичная очистка|284|Доведение зерна до кондиционных параметров по содержанию посторонних включений||Машины первичной очистки
Южно-таежно-лесная зона|Среднерусская провинция|Озимая тритикале|Нормальный||Послеуборочная обработка зерна|Подготовка семян|285|Доведение семян до кондиционных параметров согласно требованиям ГОСТ Р 52325-2005г на семена||Приставки семяочистительные
Южно-таежно-лесная зона|Среднерусская провинция|Озимая тритикале|Нормальный||Послеуборочная обработка зерна|Проверка качества зерна|286| |При закладке на хранение|Лабораторное оборудование
Южно-таежно-лесная зона|Среднерусская провинция|Озимая тритикале|Нормальный||Послеуборочная обработка зерна|Загрузка и транспортировка зерна на хранение или элеватор|287||После очистки|Зернопогрузчики, автомобили
Южно-таежно-лесная зона|Среднерусская провинция|Озимая тритикале|Интенсивный|{Занятый пар вико-овсяный, Занятый пар горохо-овсяный, Занятый пар сидеральный, ранние пропашные}|Обработка почвы|Поверхностная обработка дискованием|288|В 1 -2 следа на 8-10 см|Вслед за уборкой предшественника|Бороны дисковые тяжелые
Южно-таежно-лесная зона|Среднерусская провинция|Озимая тритикале|Интенсивный|{Занятый пар вико-овсяный, Занятый пар горохо-овсяный, Занятый пар сидеральный, ранние пропашные}|Обработка почвы|Культивация с боронованием|289|На глубину 6 - 8 см|При появлении сорняков|Культиваторы паровые
Южно-таежно-лесная зона|Среднерусская провинция|Озимая тритикале|Интенсивный|{Занятый пар вико-овсяный, Занятый пар горохо-овсяный, Занятый пар сидеральный, ранние пропашные}|Обработка почвы|Предпосевная обработка|290|На глубину посева|Перед посевом|комбинированные агрегаты для выравнивания и прикатывания
Южно-таежно-лесная зона|Среднерусская провинция|Озимая тритикале|Интенсивный|{Многолетние бобовые и бобово-злаковые травы 1 -2-х лет пользования}|Обработка почвы|Поверхностная обработка дискованием|291|На 8-10 см в 2 следа (до черна)|После первого укоса многолетних трав|Бороны дисковые тяжелые
Южно-таежно-лесная зона|Среднерусская провинция|Озимая тритикале|Интенсивный|{Многолетние бобовые и бобово-злаковые травы 1 -2-х лет пользования}|Обработка почвы|Вспашка|292|На глубину 20-22 см (с полной заделкой растительных остатков)|Через 8-10 дней после дискования |Отвальные плуги
Южно-таежно-лесная зона|Среднерусская провинция|Озимая тритикале|Интенсивный|{Многолетние бобовые и бобово-злаковые травы 1 -2-х лет пользования}|Обработка почвы|Культивация с боронованием|293|На глубину 6 - 8 см|При появлении сорняков|Культиваторы паровые
Южно-таежно-лесная зона|Среднерусская провинция|Озимая тритикале|Интенсивный|{Многолетние бобовые и бобово-злаковые травы 1 -2-х лет пользования}|Обработка почвы|Предпосевная обработка|294|На глубину посева|Перед посевом|Комбинированные агрегаты для выравнивания и прикатывания
Южно-таежно-лесная зона|Среднерусская провинция|Озимая тритикале|Интенсивный||Основное внесение удобрений|Известкование|295|2-5 тонн извести на га, в зависимости от кислотности почвы (доза в т/га рассчитывается по гидролитической кослотности), с обязательной заделкой в системе основной обработки почвы, включающей лущение или дискование с последующей вспашкой на 20-25 см.|Осенью при основной обработке почвы под паро-занимающую культуру или после первого укоса многолетних трав|Спецмашины по разбрасыванию извести
Южно-таежно-лесная зона|Среднерусская провинция|Озимая тритикале|Интенсивный||Основное внесение удобрений|Внесение органических удобрений|296|Перепревший навоз, торфо-навозный компост, сидерат и др. виды органических удобрений из расчета 5-10 т/га севооборотной площади, с обязательной заделкой в системе основной обработки почвы, включающей лущение или дискование с последующей вспашкой на 20-25 см.|Осенью при основной обработке почвы под паро-занимающую культуру или после первого укоса многолетних трав|Машины для внесения органических удобрений
Южно-таежно-лесная зона|Среднерусская провинция|Озимая тритикале|Интенсивный||Основное внесение удобрений|Основное внесение минеральных удобрений|297|N15P75K75 - разбросным способом под основную обработку почвы или под культивацию; N15P15 K15 - в рядки при посеве |N15P75K75 - разбросным способом под основную обработку почвы или под культивацию; N15P15 K15 - в рядки при посеве|"Агрегаты для растаривания и измельчения минеральных удобрений
Погрузчики
Разбрасыватели туков
Сеялки с устройствами для внесения удобрений"
Южно-таежно-лесная зона|Среднерусская провинция|Озимая тритикале|Интенсивный||Подготовка семян к посеву|Воздушно-тепловой обогрев|298| 3-5 дн. на солнце или в сушилке при t45°C 2-3 часа |Перед посевом.|Оборудование для теплового обогрева
Южно-таежно-лесная зона|Среднерусская провинция|Озимая тритикале|Интенсивный||Подготовка семян к посеву|Протравливание семян|299|Фунгицидные и инсектицидные протравители: Винцит Форте 1,25 л/т + Пикус 1,0 л/т. Расход раб.жидкости – 10 л/т.|Перед посевом. Свежеубранные семена не позднее 2-3 дней; из переходящего фонда - за 2-3 недели до посева|Протравители семян
Южно-таежно-лесная зона|Среднерусская провинция|Озимая тритикале|Интенсивный||Посев|Загрузка семян в транспортные средства|300||Перед посевом|Зернопогрузчики
Южно-таежно-лесная зона|Среднерусская провинция|Озимая тритикале|Интенсивный||Посев|Транспортировка|301|||
Южно-таежно-лесная зона|Среднерусская провинция|Озимая тритикале|Интенсивный||Посев|Посев|302|Посев с одновременным внесением стартовой дозы удобрений и с оставлением технологической колеи. | При среднесуточной температуре не выше 16-18 оС в течение 3 суток.|Зернотуковые сеялки или комбинированные посевные агрегаты с предпосевной обработкой почвы
Южно-таежно-лесная зона|Среднерусская провинция|Озимая тритикале|Интенсивный||Посев|Посев|303|Оставлять незасеянные рядки семян шириной колеи до 60 см и кратной за­хвату агрегата по уходу за посевами. Обычный посев, рядовой, узкорядный. Глубина посева семян (зависит от влажности почвы и механического состава) - на влажной суглинистой 3-4 см, на сухой песчаной - 5-6см. Норма высева: 4-5 млн. всх. зерен на га (в зависимости от способа посева, плодородия почвы)|Среднестатистические календарные сроки 25 августа – 15 сентября|
Южно-таежно-лесная зона|Среднерусская провинция|Озимая тритикале|Интенсивный||Уход за посевами|Боронование посевов|304|При появлении всходов однолетних и зимующих сорняков.|В фазу 3-4 листьев (осенью) и весной при подсыхании почвы|Бороны зубовые средние
Южно-таежно-лесная зона|Среднерусская провинция|Озимая тритикале|Интенсивный||Уход за посевами|Обработка посевов пестицидами от сорняков, вредителей и болезней|305|Опрыскивание посевов баковой смесью пестицидов. 1. С осени – применение средств защиты растений (гербициды, инсектициды и фунгициды) – Тандем, ВДГ 0,25 кг/га + Данадим Эксперт, КЭ 1 л/га + Импакт Эксклюзив, КС 0,5 кг/га; |Осенью в фазу кущения растений;|Штанговые опрыскиватели
Южно-таежно-лесная зона|Среднерусская провинция|Озимая тритикале|Интенсивный||Уход за посевами|Обработка посевов пестицидами от сорняков, вредителей и болезней|306|Опрыскивание посевов баковой смесью пестицидов. 2. Весной (фаза GS 21 - 22)– инсектицид Данадим Пауер, КЭ 1 л/га + фунгицид Импакт Супер 0,75 л/га |Весной в фазу кущения – начала трубкования;|Штанговые опрыскиватели
Южно-таежно-лесная зона|Среднерусская провинция|Озимая тритикале|Интенсивный||Уход за посевами|Обработка посевов пестицидами от сорняков, вредителей и болезней|307|Опрыскивание посевов баковой смесью пестицидов. 3. Фаза начала трубкования (фаза GS 31-32) - ретардант Сапресс, КЭ 0,3 л/га + гербицид Фокстрот, ВЭ 1,0 л/га (при наличии мятликовых сорняков) + фунгициды Импакт Супер 0,75 л/га + Данадим Пауер 0,6 л/га (при прогнозе массового развития болезней и вредителей);|В фазу начала колошения при прогнозе массового развития болезней и вредителей.|Штанговые опрыскиватели
Южно-таежно-лесная зона|Среднерусская провинция|Озимая тритикале|Интенсивный||Уход за посевами|Обработка посевов пестицидами от сорняков, вредителей и болезней|308|Опрыскивание посевов баковой смесью пестицидов. 4. Защита колоса при прогнозе массового развития болезней и вредителей – фунгицид Консул, КС 1,0 л/га + инсектицид Вантекс, МКС 60 мл/га.||Штанговые опрыскиватели
Южно-таежно-лесная зона|Среднерусская провинция|Озимая тритикале|Интенсивный||Уход за посевами|Подкормки азотными удобрениями|309|N60 + N30 |В фазу весеннего кущения и в фазу выхода в трубку|"Агрегаты для растаривания и измельчения минеральных удобрений
Погрузчики
Разбрасыватели туков"
Южно-таежно-лесная зона|Среднерусская провинция|Озимая тритикале|Интенсивный||Уборка урожая|Обкашивание полей|310|Восковая спелость|За 10 дней до начала основной уборки|Комбайны
Южно-таежно-лесная зона|Среднерусская провинция|Озимая тритикале|Интенсивный||Уборка урожая|Прямое комбайнирование|311|При влажности зерна 18%||Комбайны
Южно-таежно-лесная зона|Среднерусская провинция|Озимая тритикале|Интенсивный||Уборка урожая|Раздельная уборка: скашивание в валки|312|При засорённом хлебостое, влажности зерна 22-24%||Жатки валковые
Южно-таежно-лесная зона|Среднерусская провинция|Озимая тритикале|Интенсивный||Уборка урожая|Подбор валков|313|Влажность зерна не более 14-15%.|Через 3-5 дней после скашивания|Комбайны с подборщиками
Южно-таежно-лесная зона|Среднерусская провинция|Озимая тритикале|Интенсивный||Послеуборочная обработка зерна|Взвешивание|314|||Весы автомобильные
Южно-таежно-лесная зона|Среднерусская провинция|Озимая тритикале|Интенсивный||Послеуборочная обработка зерна|Предварительная очистка|315|Очистка от первичных примесей||Машины предварительной очистки
Южно-таежно-лесная зона|Среднерусская провинция|Озимая тритикале|Интенсивный||Послеуборочная обработка зерна|Сушка зерна|316|||Сушилки стационарные, передвижные
Южно-таежно-лесная зона|Среднерусская провинция|Озимая тритикале|Интенсивный||Послеуборочная обработка зерна|Первичная очистка|317|Доведение зерна до кондиционных параметров по содержанию посторонних включений||Машины первичной очистки
Южно-таежно-лесная зона|Среднерусская провинция|Озимая тритикале|Интенсивный||Послеуборочная обработка зерна|Подготовка семян|318|Доведение семян до кондиционных параметров согласно требованиям ГОСТ Р 52325-2005г на семена||Приставки семяочистительные
Южно-таежно-лесная зона|Среднерусская провинция|Озимая тритикале|Интенсивный||Послеуборочная обработка зерна|Проверка качества зерна|319||При закладке на хранение|Лабораторное оборудование
Южно-таежно-лесная зона|Среднерусская провинция|Озимая тритикале|Интенсивный||Послеуборочная обработка зерна|Загрузка и транспортировка зерна на хранение в склад или элеватор|320||После очистки|Зернопогрузчики, автомобили
Южно-таежно-лесная зона|Среднерусская провинция|Озимая тритикале|Точный|{Занятый пар вико-овсяный, Занятый пар горохо-овсяный, Занятый пар сидеральный, ранние пропашные}|Обработка почвы|Поверхностная обработка дискованием|321|В 1 -2 следа на 8-10 см|Вслед за уборкой предшественника|Бороны дисковые тяжелые
Южно-таежно-лесная зона|Среднерусская провинция|Озимая тритикале|Точный|{Занятый пар вико-овсяный, Занятый пар горохо-овсяный, Занятый пар сидеральный, ранние пропашные}|Обработка почвы|Культивация с боронованием|322|На глубину 6 - 8 см|При появлении сорняков|Культиваторы паровые
Южно-таежно-лесная зона|Среднерусская провинция|Озимая тритикале|Точный|{Занятый пар вико-овсяный, Занятый пар горохо-овсяный, Занятый пар сидеральный, ранние пропашные}|Обработка почвы|Предпосевная обработка|323|На глубину посева|Перед посевом|комбинированные агрегаты для выравнивания и прикатывания
Южно-таежно-лесная зона|Среднерусская провинция|Озимая тритикале|Точный|{Многолетние бобовые и бобово-злаковые травы 1 -2-х лет пользования}|Обработка почвы|Поверхностная обработка дискованием|324|На 8-10 см в 2 следа (до черна)|После первого укоса многолетних трав|Бороны дисковые тяжелые
Южно-таежно-лесная зона|Среднерусская провинция|Озимая тритикале|Точный|{Многолетние бобовые и бобово-злаковые травы 1 -2-х лет пользования}|Обработка почвы|Вспашка|325|На глубину 20-22 см (с полной заделкой растительных остатков)|Через 8-10 дней после дискования |Отвальные плуги
Южно-таежно-лесная зона|Среднерусская провинция|Озимая тритикале|Точный|{Многолетние бобовые и бобово-злаковые травы 1 -2-х лет пользования}|Обработка почвы|Культивация с боронованием|326|На глубину 6 - 8 см|При появлении сорняков|Культиваторы паровые
Южно-таежно-лесная зона|Среднерусская провинция|Озимая тритикале|Точный|{Многолетние бобовые и бобово-злаковые травы 1 -2-х лет пользования}|Обработка почвы|Предпосевная обработка|327|На глубину посева|Перед посевом|Комбинированные агрегаты для выравнивания и прикатывания
Южно-таежно-лесная зона|Среднерусская провинция|Озимая тритикале|Точный||Основное внесение удобрений|Известкование|328|2-5 тонн извести на га, в зависимости от кислотности почвы (доза в т/га рассчитывается по гидролитической кислотности), с обязательной заделкой в системе основной обработки почвы, включающей лущение или дискование с последующей вспашкой на 20-25 см.|Осенью при основной обработке почвы под паро-занимающую культуру или после первого укоса многолетних трав|Спецмашины по разбрасыванию извести
Южно-таежно-лесная зона|Среднерусская провинция|Озимая тритикале|Точный||Основное внесение удобрений|Внесение органических удобрений|329|Перепревший навоз, торфо-навозный компост, сидерат и др. виды органических удобрений из расчета 5-10 т/га севооборотной площади, с обязательной заделкой в системе основной обработки почвы, включающей лущение или дискование с последующей вспашкой на 20-25 см.|Осенью при основной обработке почвы под паро-занимающую культуру или после первого укоса многолетних трав|Машины для внесения органических удобрений
Южно-таежно-лесная зона|Среднерусская провинция|Озимая тритикале|Точный||Основное внесение удобрений|Основное внесение минеральных удобрений|330|Дифференцированное внесение в зависимости от содержания в почве доступных форм основных элементов питания: N15P105K105 - разбросным способом под основную обработку почвы или под культивацию; N15P15 K15 - в рядки при посеве|N15P105K105 - разбросным способом под основную обработку почвы или под культивацию; N15P15 K15 - в рядки при посеве|"Агрегаты для растаривания и измельчения минеральных удобрений
Погрузчики
Разбрасыватели туков
Сеялки с устройствами для внесения удобрений"
Южно-таежно-лесная зона|Среднерусская провинция|Озимая тритикале|Точный||Подготовка семян к посеву|Воздушно-тепловой обогрев|331| 3-5 дн. на солнце или в сушилке при t45°C 2-3 часа |Перед посевом|Оборудование для теплового обогрева
Южно-таежно-лесная зона|Среднерусская провинция|Озимая тритикале|Точный||Подготовка семян к посеву|Инкрустирование семян оболочкой с наполнителями (фунгициды и инсектициды)|332| На 1 т семян: вода + прилипатель + протравитель (Винцит Форте 1,25 л/т + Пикус 1,0 л/т). Расход раб.жидкости – 10 л/т.|Перед посевом. Свежеубранные семена не позднее 2-3 дней; из переходящего фонда - за 2-3 недели до посева|Оборудование для инкрустирования и протравливания семян
Южно-таежно-лесная зона|Среднерусская провинция|Озимая тритикале|Точный||Посев|Загрузка семян в транспортные средства|333||Перед посевом|Зернопогрузчики
Южно-таежно-лесная зона|Среднерусская провинция|Озимая тритикале|Точный||Посев|Транспортировка|334|||
Южно-таежно-лесная зона|Среднерусская провинция|Озимая тритикале|Точный||Посев|Посев|335|Посев с одновременным внесением стартовой дозы удобрений и с оставлением технологической колеи. | При среднесуточной температуре не выше 16-18 оС в течение 3 суток.|Зернотуковые сеялки или комбинированные посевные агрегаты с предпосевной обработкой почвы
Южно-таежно-лесная зона|Среднерусская провинция|Озимая тритикале|Точный||Посев|Посев|336|Оставлять незасеянные рядки семян шириной колеи до 60 см и кратной за­хвату агрегата по уходу за посевами. Обычный посев, рядовой, узкорядный. Глубина посева семян (зависит от влажности почвы и механического состава) - на влажной суглинистой 3-4 см, на сухой песчаной - 5-6см. Норма высева: 4-5 млн. всх. зерен на га (в зависимости от способа посева, плодородия почвы)|Среднестатистические календарные сроки 25 августа – 15 сентября|
Южно-таежно-лесная зона|Среднерусская провинция|Озимая тритикале|Точный||Уход за посевами|Боронование посевов|337|При появлении всходов однолетних и зимующих сорняков.|В фазу 3-4 листьев (осенью) и весной при подсыхании почвы|Бороны зубовые средние
Южно-таежно-лесная зона|Среднерусская провинция|Озимая тритикале|Точный||Уход за посевами|Обработка посевов пестицидами от сорняков, вредителей и болезней|338|Опрыскивание посевов баковой смесью пестицидов. 1. С осени – гербициды Атон, ВДГ 0,06 кг/га + инсектицид Данадим Пауер, КЭ 0,6 л/га + фунгицид Импакт Эксклюзив, КС 0,5 л/га + ретардант Сапресс, КЭ 0,3 л/га;|Осенью в фазу кущения растений;|Штанговые опрыскиватели
Южно-таежно-лесная зона|Среднерусская провинция|Озимая тритикале|Точный||Уход за посевами|Обработка посевов пестицидами от сорняков, вредителей и болезней|339|Опрыскивание посевов баковой смесью пестицидов. 2. Весной (фаза GS 21 - 22) – инсектициды Данадим Пауер, КЭ 0,6 л/га + Вантекс 60 мл/га + фунгицид Альто Супер, КЭ 0,5 л/га + гербициды Фокстрот, ВЭ 1,0 л/га и Агроксон 0,5 л/га.|Весной в фазу кущения – начала трубкования;|Штанговые опрыскиватели
Южно-таежно-лесная зона|Среднерусская провинция|Озимая тритикале|Точный||Уход за посевами|Обработка посевов пестицидами от сорняков, вредителей и болезней|340|Опрыскивание посевов баковой смесью пестицидов. 3. В начале трубкования (фаза GS 31-32) - ретардант Сапресс, КЭ 0,3 л/га + фунгицид Консул 0,8 л/га + инсектицид Данадим Пауер 0,6 л/га (при массовом развитии вредителей и эпифитотийном развитии болезней).|В фазу начала колошения по прогнозу развития болезней и вредителей.|Штанговые опрыскиватели
Южно-таежно-лесная зона|Среднерусская провинция|Озимая тритикале|Точный||Уход за посевами|Обработка посевов пестицидами от сорняков, вредителей и болезней|341|Опрыскивание посевов баковой смесью пестицидов. 4. Для защиты флагового листа и колоса – Консул, КС 1,0 л/га + Вантекс, МКС 60 мл/га ||Штанговые опрыскиватели
Южно-таежно-лесная зона|Среднерусская провинция|Озимая тритикале|Точный||Уход за посевами||342|||Агрегаты для растаривания и измельчения минеральных удобрений
Южно-таежно-лесная зона|Среднерусская провинция|Озимая тритикале|Точный||Уход за посевами|Подкормки азотными удобрениями|343|Дифференцированное внесение по результатам листовой диагностики: в среднем N60 весной в кущение, |В фазы: весеннего кущения, |"Агрегаты для растаривания и измельчения минеральных удобрений
Погрузчики
Разбрасыватели туков
Штанговые опрыскиватели для внесения жидких удобрений
"
Южно-таежно-лесная зона|Среднерусская провинция|Озимая тритикале|Точный||Уход за посевами|Подкормки азотными удобрениями|344|Дифференцированное внесение по результатам листовой диагностики: в среднем N30 в фазу выхода в трубку, |В фазы: выхода в трубку, |"Агрегаты для растаривания и измельчения минеральных удобрений
Погрузчики
Разбрасыватели туков
Штанговые опрыскиватели для внесения жидких удобрений
"
Южно-таежно-лесная зона|Среднерусская провинция|Озимая тритикале|Точный||Уход за посевами|Подкормки азотными удобрениями|345|Дифференцированное внесение по результатам листовой диагностики: в среднем N30 – в колошение - цветение (для повышения качества зерна рекомендуется проводить внекорневую подкормку 15-20 % раствором мочевины).|В фазы: колошения|"Агрегаты для растаривания и измельчения минеральных удобрений
Погрузчики
Разбрасыватели туков
Штанговые опрыскиватели для внесения жидких удобрений"
Южно-таежно-лесная зона|Среднерусская провинция|Озимая тритикале|Точный||Уход за посевами|Внекорневые обработки|346|1. Обработка в фазу кущения – начала трубкования жидкими комплексными удобрениями ЖКУ APALIQVA NP 11:37 30 кг/га + растворами микроудобрений с гуматом калия + биологические стимуляторы роста + микробиологические препараты фунгицидного действия Метабактерин, СП 12 г/га или АпаСил 100 г/га.|в фазу кущения – начала трубкования|Штанговые опрыскиватели для внесения жидких удобрений
Южно-таежно-лесная зона|Среднерусская провинция|Озимая тритикале|Точный||Уборка урожая|Обкашивание полей|347|Восковая спелость|За 10 дней до начала основной уборки|Комбайны с датчиками урожайности и системами позиционирования
Южно-таежно-лесная зона|Среднерусская провинция|Озимая тритикале|Точный||Уборка урожая|Прямое комбайнирование|348|При влажности зерна 16%||Комбайны с датчиками урожайности и системами позиционирования
Южно-таежно-лесная зона|Среднерусская провинция|Озимая тритикале|Точный||Послеуборочная обработка зерна|Взвешивание|349|||Весы автомобильные
Южно-таежно-лесная зона|Среднерусская провинция|Озимая тритикале|Точный||Послеуборочная обработка зерна|Предварительная очистка|350|Очистка от первичных примесей|| Семяочистительные комплексы 5-го поколения
Южно-таежно-лесная зона|Среднерусская провинция|Озимая тритикале|Точный||Послеуборочная обработка зерна|Сушка зерна|351||| Семяочистительные комплексы 5-го поколения
Южно-таежно-лесная зона|Среднерусская провинция|Озимая тритикале|Точный||Послеуборочная обработка зерна|Первичная очистка|352|Доведение зерна до кондиционных параметров по содержанию посторонних включений|| Семяочистительные комплексы 5-го поколения
Южно-таежно-лесная зона|Среднерусская провинция|Озимая тритикале|Точный||Послеуборочная обработка зерна|Подготовка семян|353|Доведение семян до кондиционных параметров согласно требованиям ГОСТ Р 52325-2005г на семена|| Семяочистительные комплексы 5-го поколения
Южно-таежно-лесная зона|Среднерусская провинция|Озимая тритикале|Точный||Послеуборочная обработка зерна|Проверка качества зерна|354| |При закладке на хранение|Лабораторное оборудование
Южно-таежно-лесная зона|Среднерусская провинция|Озимая тритикале|Точный||Послеуборочная обработка зерна|Загрузка и транспортировка зерна на хранение или элеватор|355||После очистки|Зернопогрузчики, автомобили
